"Head_Coach","Coach","weight","group","group_count","lrole","tW","tPyW","tg_hc","ftm","ltm","fy_hc","ly_hc","fy_a","ly_a","TYr","nw","pyw500","above500","odo","cord","lodo","lcord"
"Adam Gase","Vance Joseph",1,"DC",1,"DC",32,26.28,80,"MIA","NYJ",2016,2020,2016,2016,1,1,0,0,2,1,2,1
"Al Groh","Ken Whisenhunt",1,"aSTC",1,"aSTC",9,8,16,"NYJ","NYJ",2000,2000,2000,2000,1,1,1,1,3,0,3,0
"Al Groh","Mike Nolan",1,"DC",1,"DC",9,8,16,"NYJ","NYJ",2000,2000,2000,2000,1,1,1,1,2,1,2,1
"Al Groh","Todd Bowles",1,"aDC",1,"aDC",9,8,16,"NYJ","NYJ",2000,2000,2000,2000,1,1,1,1,2,0,2,0
"Al Groh","Todd Haley",1,"aOC",1,"aOC",9,8,16,"NYJ","NYJ",2000,2000,2000,2000,1,1,1,1,1,0,1,0
"Al Saunders","Gunther Cunningham",3,"aDC",3,"aDC",17,14.22,39,"LAC","LAC",1986,1988,1986,1988,3,1,0,0,2,0,2,0
"Alex Webster","Joe Walton",5,"OC",3,"OC",29,30.19,70,"NYG","NYG",1969,1973,1969,1973,5,1,0,0,1,1,1,1
"Allie Sherman","Alex Webster",2,"aOC",2,"aOC",15,15.45,42,"NYG","NYG",1966,1968,1967,1968,2,1,0,0,1,0,1,0
"Allie Sherman","Harland Svare",2,"DC",2,"DC",15,15.45,42,"NYG","NYG",1966,1968,1967,1968,2,1,0,0,2,1,2,1
"Allie Sherman","Jack Patera",2,"aDC",2,"aDC",15,15.45,42,"NYG","NYG",1966,1968,1967,1968,2,1,0,0,2,0,2,0
"Andy Reid","Brad Childress",7,"OC",4,"OC",247,240.25,386,"PHI","KC",1999,2022,1999,2005,7,1,1,1,1,1,1,1
"Andy Reid","David Culley",24,"aOC",20,"aOC",247,240.25,386,"PHI","KC",1999,2022,1999,2016,18,1.33333333333333,1,1,1,0,1,0
"Andy Reid","Doug Pederson",7,"aOC",4,"OC",247,240.25,386,"PHI","KC",1999,2022,2009,2015,7,1,1,1,1,0,1,1
"Andy Reid","John Harbaugh",9,"STC",8,"aDC",247,240.25,386,"PHI","KC",1999,2022,1999,2007,9,1,1,1,3,1,2,0
"Andy Reid","Leslie Frazier",4,"aDC",4,"aDC",247,240.25,386,"PHI","KC",1999,2022,1999,2002,4,1,1,1,2,0,2,0
"Andy Reid","Matt Nagy",10,"aOC",6,"OC",247,240.25,386,"PHI","KC",1999,2022,2008,2017,10,1,1,1,1,0,1,1
"Andy Reid","Pat Shurmur",13,"aOC",13,"aOC",247,240.25,386,"PHI","KC",1999,2022,1999,2008,10,1.3,1,1,1,0,1,0
"Andy Reid","Ron Rivera",5,"aDC",5,"aDC",247,240.25,386,"PHI","KC",1999,2022,1999,2003,5,1,1,1,2,0,2,0
"Andy Reid","Sean McDermott",12,"aDC",7,"DC",247,240.25,386,"PHI","KC",1999,2022,1999,2010,12,1,1,1,2,0,2,1
"Andy Reid","Steve Spagnuolo",10,"aDC",8,"aDC",247,240.25,386,"PHI","KC",1999,2022,1999,2006,8,1.25,1,1,2,0,2,0
"Andy Reid","Todd Bowles",1,"aDC",1,"aDC",247,240.25,386,"PHI","KC",1999,2022,2012,2012,1,1,1,1,2,0,2,0
"Anthony Lynn","Nick Sirianni",1,"aOC",1,"aOC",33,35.66,64,"LAC","LAC",2017,2020,2017,2017,1,1,1,1,1,0,1,0
"Art Shell","Chuck Pagano",1,"aDC",1,"aDC",56,48.72,108,"LV","LV",1989,2006,2006,2006,1,1,0,1,2,0,2,0
"Art Shell","Gunther Cunningham",3,"DC",2,"DC",56,48.72,108,"LV","LV",1989,2006,1991,1993,3,1,0,1,2,1,2,1
"Art Shell","Jim Haslett",2,"aDC",2,"aDC",56,48.72,108,"LV","LV",1989,2006,1993,1994,2,1,0,1,2,0,2,0
"Art Shell","John Fox",1,"DC",1,"DC",56,48.72,108,"LV","LV",1989,2006,1994,1994,1,1,0,1,2,1,2,1
"Art Shell","Mike White",10,"aOC",10,"aOC",56,48.72,108,"LV","LV",1989,2006,1990,1994,5,2,0,1,1,0,1,0
"Barry Switzer","Butch Davis",2,"aDC",1,"DC",40,40.84,64,"DAL","DAL",1994,1997,1994,1994,1,2,1,1,2,0,2,1
"Barry Switzer","Dave Campo",4,"DC",3,"DC",40,40.84,64,"DAL","DAL",1994,1997,1994,1997,4,1,1,1,2,1,2,1
"Barry Switzer","Mike Zimmer",4,"aDC",3,"aDC",40,40.84,64,"DAL","DAL",1994,1997,1994,1997,4,1,1,1,2,0,2,0
"Bart Starr","Dick LeBeau",4,"aDC",4,"aDC",52,50.59,131,"GB","GB",1975,1983,1976,1979,4,1,0,0,2,0,2,0
"Bill Arnsparger","Marty Schottenheimer",2,"aDC",2,"aDC",7,8.96,35,"NYG","NYG",1974,1976,1975,1976,2,1,0,0,2,0,2,0
"Bill Austin","Harland Svare",1,"DC",1,"DC",17,22.05,56,"PIT","WAS",1966,1970,1970,1970,1,1,0,0,2,1,2,1
"Bill Austin","Mike McCormack",1,"aDC",1,"aDC",17,22.05,56,"PIT","WAS",1966,1970,1970,1970,1,1,0,0,2,0,2,0
"Bill Belichick","Al Groh",1,"aDC",1,"aDC",298,295.37,450,"CLE","NE",1991,2022,1992,1992,1,1,1,1,2,0,2,0
"Bill Belichick","Bill O'Brien",5,"aOC",4,"OC",298,295.37,450,"CLE","NE",1991,2022,2007,2011,5,1,1,1,1,0,1,1
"Bill Belichick","Brian Flores",16,"aDC",8,"aDC",298,295.37,450,"CLE","NE",1991,2022,2004,2018,15,1.06666666666667,1,1,2,0,2,0
"Bill Belichick","Eric Mangini",7,"aDC",5,"DC",298,295.37,450,"CLE","NE",1991,2022,1995,2005,7,1,1,1,2,0,2,1
"Bill Belichick","Jim Schwartz",3,"Scout",3,"Scout",298,295.37,450,"CLE","NE",1991,2022,1993,1995,3,1,1,1,3,0,3,0
"Bill Belichick","Joe Judge",9,"STC",5,"STC",298,295.37,450,"CLE","NE",1991,2022,2012,2019,8,1.125,1,1,3,1,3,1
"Bill Belichick","Josh McDaniels",11,"aOC",5,"OC",298,295.37,450,"CLE","NE",1991,2022,2001,2008,8,1.375,1,1,1,0,1,1
"Bill Belichick","Matt Patricia",14,"aDC",6,"DC",298,295.37,450,"CLE","NE",1991,2022,2004,2017,14,1,1,1,2,0,2,1
"Bill Belichick","Nick Saban",4,"DC",4,"DC",298,295.37,450,"CLE","NE",1991,2022,1991,1994,4,1,1,1,2,1,2,1
"Bill Belichick","Rick Venturi",1,"DC",1,"DC",298,295.37,450,"CLE","NE",1991,2022,1995,1995,1,1,1,1,2,1,2,1
"Bill Belichick","Romeo Crennel",6,"DC",4,"DC",298,295.37,450,"CLE","NE",1991,2022,2001,2004,4,1.5,1,1,2,1,2,1
"Bill Callahan","Jim Harbaugh",2,"aOC",2,"aOC",18,19.56,43,"LV","WAS",2002,2019,2002,2003,2,1,0,0,1,0,1,0
"Bill Callahan","Marc Trestman",2,"OC",2,"OC",18,19.56,43,"LV","WAS",2002,2019,2002,2003,2,1,0,0,1,1,1,1
"Bill Cowher","Bruce Arians",3,"aOC",3,"aOC",149,146.19,240,"PIT","PIT",1992,2006,2004,2006,3,1,1,1,1,0,1,0
"Bill Cowher","Chan Gailey",4,"aOC",2,"OC",149,146.19,240,"PIT","PIT",1992,2006,1994,1997,4,1,1,1,1,0,1,1
"Bill Cowher","David Culley",3,"aOC",3,"aOC",149,146.19,240,"PIT","PIT",1992,2006,1996,1998,3,1,1,1,1,0,1,0
"Bill Cowher","Dick LeBeau",5,"aDC",3,"DC",149,146.19,240,"PIT","PIT",1992,2006,1992,1996,5,1,1,1,2,0,2,1
"Bill Cowher","Dom Capers",3,"DC",3,"DC",149,146.19,240,"PIT","PIT",1992,2006,1992,1994,3,1,1,1,2,1,2,1
"Bill Cowher","Jim Haslett",3,"DC",3,"DC",149,146.19,240,"PIT","PIT",1992,2006,1997,1999,3,1,1,1,2,1,2,1
"Bill Cowher","Ken Whisenhunt",6,"aOC",3,"OC",149,146.19,240,"PIT","PIT",1992,2006,2001,2006,6,1,1,1,1,0,1,1
"Bill Cowher","Marvin Lewis",4,"aDC",4,"aDC",149,146.19,240,"PIT","PIT",1992,2006,1992,1995,4,1,1,1,2,0,2,0
"Bill Cowher","Mike Mularkey",8,"aOC",5,"OC",149,146.19,240,"PIT","PIT",1992,2006,1996,2003,8,1,1,1,1,0,1,1
"Bill O'Brien","Mike Vrabel",4,"aDC",3,"DC",52,49.75,100,"HOU","HOU",2014,2020,2014,2017,4,1,0,1,2,0,2,1
"Bill Parcells","Al Groh",13,"aDC",9,"aDC",172,169.33,303,"NYG","DAL",1983,2006,1989,1999,9,1.44444444444444,1,1,2,0,2,0
"Bill Parcells","Anthony Lynn",2,"aOC",2,"aOC",172,169.33,303,"NYG","DAL",1983,2006,2005,2006,2,1,1,1,1,0,1,0
"Bill Parcells","Bill Belichick",10,"DC",6,"DC",172,169.33,303,"NYG","DAL",1983,2006,1983,1990,8,1.25,1,1,2,1,2,1
"Bill Parcells","Chris Palmer",4,"aOC",4,"aOC",172,169.33,303,"NYG","DAL",1983,2006,1993,1996,4,1,1,1,1,0,1,0
"Bill Parcells","Eric Mangini",6,"aDC",3,"aDC",172,169.33,303,"NYG","DAL",1983,2006,1997,1999,3,2,1,1,2,0,2,0
"Bill Parcells","Freddie Kitchens",1,"aOC",1,"aOC",172,169.33,303,"NYG","DAL",1983,2006,2006,2006,1,1,1,1,1,0,1,0
"Bill Parcells","Mike Zimmer",4,"DC",4,"DC",172,169.33,303,"NYG","DAL",1983,2006,2003,2006,4,1,1,1,2,1,2,1
"Bill Parcells","Ray Handley",7,"aOC",7,"aOC",172,169.33,303,"NYG","DAL",1983,2006,1984,1990,7,1,1,1,1,0,1,0
"Bill Parcells","Romeo Crennel",15,"aDC",8,"aDC",172,169.33,303,"NYG","DAL",1983,2006,1983,1999,15,1,1,1,2,0,2,0
"Bill Parcells","Sean Payton",6,"aOC",3,"aOC",172,169.33,303,"NYG","DAL",1983,2006,2003,2005,3,2,1,1,1,0,1,0
"Bill Parcells","Todd Bowles",2,"aDC",2,"aDC",172,169.33,303,"NYG","DAL",1983,2006,2005,2006,2,1,1,1,2,0,2,0
"Bill Parcells","Todd Haley",11,"aOC",9,"aOC",172,169.33,303,"NYG","DAL",1983,2006,1997,2006,6,1.83333333333333,1,1,1,0,1,0
"Bill Parcells","Tom Coughlin",3,"aOC",3,"aOC",172,169.33,303,"NYG","DAL",1983,2006,1988,1990,3,1,1,1,1,0,1,0
"Bill Parcells","Tony Sparano",6,"aOC",6,"aOC",172,169.33,303,"NYG","DAL",1983,2006,2003,2006,4,1.5,1,1,1,0,1,0
"Bill Peterson","Dan Henning",2,"aOC",2,"aOC",2,3.47,28,"TEN","TEN",1972,1973,1972,1972,1,2,0,0,1,0,1,0
"Bill Walsh","Bruce Coslet",1,"aOC",1,"aOC",92,97.4,152,"SF","SF",1979,1988,1980,1980,1,1,1,1,1,0,1,0
"Bill Walsh","Dennis Green",4,"aOC",3,"aOC",92,97.4,152,"SF","SF",1979,1988,1979,1988,4,1,1,1,1,0,1,0
"Bill Walsh","George Seifert",9,"DC",6,"DC",92,97.4,152,"SF","SF",1979,1988,1980,1988,9,1,1,1,2,1,2,1
"Bill Walsh","Mike Holmgren",3,"aOC",3,"aOC",92,97.4,152,"SF","SF",1979,1988,1986,1988,3,1,1,1,1,0,1,0
"Bill Walsh","Mike White",1,"aOC",1,"aOC",92,97.4,152,"SF","SF",1979,1988,1979,1979,1,1,1,1,1,0,1,0
"Bill Walsh","Ray Rhodes",8,"aDC",8,"aDC",92,97.4,152,"SF","SF",1979,1988,1981,1988,8,1,1,1,2,0,2,0
"Bill Walsh","Sam Wyche",4,"aOC",4,"aOC",92,97.4,152,"SF","SF",1979,1988,1979,1982,4,1,1,1,1,0,1,0
"Blanton Collier","Nick Skorich",5,"OC",3,"OC",45,44.12,70,"CLE","CLE",1966,1970,1966,1970,5,1,1,1,1,1,1,1
"Bob Hollway","Leeman Bennett",1,"aOC",1,"aOC",8,9.04,28,"ARI","ARI",1971,1972,1971,1971,1,1,0,0,1,0,1,0
"Bobby Petrino","Hue Jackson",1,"OC",1,"OC",3,3.03,13,"ATL","ATL",2007,2007,2007,2007,1,1,0,0,1,1,1,1
"Bobby Petrino","Mike Zimmer",1,"DC",1,"DC",3,3.03,13,"ATL","ATL",2007,2007,2007,2007,1,1,0,0,2,1,2,1
"Bobby Ross","Gary Moeller",3,"aDC",3,"aDC",74,72.09,137,"LAC","DET",1992,2000,1997,1999,3,1,1,1,2,0,2,0
"Bobby Ross","Jim Zorn",3,"aOC",3,"aOC",74,72.09,137,"LAC","DET",1992,2000,1998,2000,3,1,1,1,1,0,1,0
"Bobby Ross","John Fox",2,"aDC",2,"aDC",74,72.09,137,"LAC","DET",1992,2000,1992,1993,2,1,1,1,2,0,2,0
"Bobby Ross","Marc Trestman",1,"aOC",1,"aOC",74,72.09,137,"LAC","DET",1992,2000,1997,1997,1,1,1,1,1,0,1,0
"Brad Childress","Kevin Stefanski",5,"aC",3,"aOC",39,40.37,74,"MIN","MIN",2006,2010,2006,2010,5,1,1,1,3,0,1,0
"Brad Childress","Leslie Frazier",7,"DC",4,"DC",39,40.37,74,"MIN","MIN",2006,2010,2007,2010,4,1.75,1,1,2,1,2,1
"Brad Childress","Mike Tomlin",1,"DC",1,"DC",39,40.37,74,"MIN","MIN",2006,2010,2006,2006,1,1,1,1,2,1,2,1
"Brian Billick","Jack Del Rio",3,"aDC",3,"aDC",80,84.18,144,"BAL","BAL",1999,2007,1999,2001,3,1,1,1,2,0,2,0
"Brian Billick","Marvin Lewis",3,"DC",3,"DC",80,84.18,144,"BAL","BAL",1999,2007,1999,2001,3,1,1,1,2,1,2,1
"Brian Billick","Mike Nolan",4,"DC",3,"DC",80,84.18,144,"BAL","BAL",1999,2007,2001,2004,4,1,1,1,2,1,2,1
"Brian Billick","Mike Pettine",6,"aDC",4,"aDC",80,84.18,144,"BAL","BAL",1999,2007,2002,2007,6,1,1,1,2,0,2,0
"Brian Billick","Mike Singletary",2,"aDC",2,"aDC",80,84.18,144,"BAL","BAL",1999,2007,2003,2004,2,1,1,1,2,0,2,0
"Brian Billick","Mike Smith",7,"aDC",7,"aDC",80,84.18,144,"BAL","BAL",1999,2007,1999,2002,4,1.75,1,1,2,0,2,0
"Brian Billick","Rex Ryan",9,"aDC",6,"DC",80,84.18,144,"BAL","BAL",1999,2007,1999,2007,9,1,1,1,2,0,2,1
"Brian Billick","Vic Fangio",2,"aDC",2,"aDC",80,84.18,144,"BAL","BAL",1999,2007,2006,2007,2,1,1,1,2,0,2,0
"Bruce Arians","Freddie Kitchens",5,"aOC",5,"aOC",80,76.3,129,"ARI","TB",2013,2021,2013,2017,5,1,1,1,1,0,1,0
"Bruce Arians","Todd Bowles",2,"DC",2,"DC",80,76.3,129,"ARI","TB",2013,2021,2013,2014,2,1,1,1,2,1,2,1
"Bruce Coslet","Dick LeBeau",4,"DC",4,"DC",47,48.34,124,"NYJ","CIN",1990,2000,1997,2000,4,1,0,0,2,1,2,1
"Bruce Coslet","Pete Carroll",4,"DC",4,"DC",47,48.34,124,"NYJ","CIN",1990,2000,1990,1993,4,1,0,0,2,1,2,1
"Bud Carson","Marc Trestman",1,"OC",1,"OC",11,12.23,25,"CLE","CLE",1989,1990,1989,1989,1,1,0,0,1,1,1,1
"Bud Grant","Bob Hollway",4,"aDC",2,"DC",158,157.11,259,"MIN","MIN",1967,1985,1967,1970,4,1,1,1,2,0,2,1
"Bud Grant","Buddy Ryan",2,"aDC",2,"aDC",158,157.11,259,"MIN","MIN",1967,1985,1976,1977,2,1,1,1,2,0,2,0
"Bud Grant","Jack Patera",7,"aDC",7,"aDC",158,157.11,259,"MIN","MIN",1967,1985,1969,1975,7,1,1,1,2,0,2,0
"Bud Grant","Jerry Burns",17,"OC",17,"OC",158,157.11,259,"MIN","MIN",1967,1985,1968,1985,17,1,1,1,1,1,1,1
"Bud Grant","Les Steckel",5,"aOC",5,"aOC",158,157.11,259,"MIN","MIN",1967,1985,1979,1983,5,1,1,1,1,0,1,0
"Bud Grant","Marc Trestman",1,"aOC",1,"aOC",158,157.11,259,"MIN","MIN",1967,1985,1985,1985,1,1,1,1,1,0,1,0
"Bud Grant","Neill Armstrong",8,"DC",7,"DC",158,157.11,259,"MIN","MIN",1967,1985,1970,1977,8,1,1,1,2,1,2,1
"Bud Grant","Pete Carroll",1,"aDC",1,"aDC",158,157.11,259,"MIN","MIN",1967,1985,1985,1985,1,1,1,1,2,0,2,0
"Bud Wilkinson","Jim Hanifan",1,"aOC",1,"aOC",9,12.09,29,"ARI","ARI",1978,1979,1978,1978,1,1,0,0,1,0,1,0
"Buddy Ryan","Jeff Fisher",7,"aDC",5,"DC",55,53.89,111,"PHI","ARI",1986,1995,1986,1990,5,1.4,0,0,2,0,2,1
"Buddy Ryan","Rex Ryan",2,"aDC",2,"aDC",55,53.89,111,"PHI","ARI",1986,1995,1994,1995,2,1,0,0,2,0,2,0
"Buddy Ryan","Rich Kotite",1,"OC",1,"OC",55,53.89,111,"PHI","ARI",1986,1995,1990,1990,1,1,0,0,1,1,1,1
"Buddy Ryan","Wade Phillips",3,"DC",3,"DC",55,53.89,111,"PHI","ARI",1986,1995,1986,1988,3,1,0,0,2,1,2,1
"Bum Phillips","Ed Biles",6,"DC",6,"DC",82,72.99,159,"TEN","NO",1975,1985,1975,1980,6,1,0,1,2,1,2,1
"Bum Phillips","Joe Bugel",4,"aOC",4,"aOC",82,72.99,159,"TEN","NO",1975,1985,1977,1980,4,1,0,1,1,0,1,0
"Bum Phillips","Richie Petitbon",3,"aDC",3,"aDC",82,72.99,159,"TEN","NO",1975,1985,1975,1977,3,1,0,1,2,0,2,0
"Bum Phillips","Wade Phillips",10,"aDC",5,"DC",82,72.99,159,"TEN","NO",1975,1985,1976,1985,10,1,0,1,2,0,2,1
"Butch Davis","Bruce Arians",3,"OC",3,"OC",24,25.85,59,"CLE","CLE",2001,2004,2001,2003,3,1,0,0,1,1,1,1
"Butch Davis","Chuck Pagano",4,"aDC",4,"aDC",24,25.85,59,"CLE","CLE",2001,2004,2001,2004,4,1,0,0,2,0,2,0
"Butch Davis","Rob Chudzinski",2,"aOC",1,"OC",24,25.85,59,"CLE","CLE",2001,2004,2004,2004,1,2,0,0,1,0,1,1
"Butch Davis","Todd Bowles",4,"aDC",4,"aDC",24,25.85,59,"CLE","CLE",2001,2004,2001,2004,4,1,0,0,2,0,2,0
"Chan Gailey","Dave Campo",2,"DC",2,"DC",34,37.99,80,"DAL","BUF",1998,2012,1998,1999,2,1,0,0,2,1,2,1
"Chan Gailey","Mike Zimmer",2,"aDC",2,"aDC",34,37.99,80,"DAL","BUF",1998,2012,1998,1999,2,1,0,0,2,0,2,0
"Charley Winner","Buddy Ryan",2,"aDC",2,"aDC",44,44.94,93,"ARI","NYJ",1966,1975,1974,1975,2,1,0,0,2,0,2,0
"Charley Winner","Leeman Bennett",1,"aOC",1,"aOC",44,44.94,93,"ARI","NYJ",1966,1975,1970,1970,1,1,0,0,1,0,1,0
"Charley Winner","Red Miller",5,"aOC",5,"aOC",44,44.94,93,"ARI","NYJ",1966,1975,1966,1970,5,1,0,0,1,0,1,0
"Charley Winner","Rick Forzano",2,"aOC",2,"aOC",44,44.94,93,"ARI","NYJ",1966,1975,1966,1967,2,1,0,0,1,0,1,0
"Charley Winner","Sam Rutigliano",2,"aDC",2,"aDC",44,44.94,93,"ARI","NYJ",1966,1975,1974,1975,2,1,0,0,2,0,2,0
"Charlie Waller","Bum Phillips",2,"DC",2,"DC",9,11.13,19,"LAC","LAC",1969,1970,1969,1970,2,1,1,0,2,1,2,1
"Chris Palmer","Ken Whisenhunt",1,"aOC",1,"aOC",5,4.06,32,"CLE","CLE",1999,2000,1999,1999,1,1,0,0,1,0,1,0
"Chris Palmer","Romeo Crennel",2,"aDC",1,"DC",5,4.06,32,"CLE","CLE",1999,2000,2000,2000,1,2,0,0,2,0,2,1
"Chris Palmer","Tony Sparano",2,"aOC",2,"aOC",5,4.06,32,"CLE","CLE",1999,2000,1999,2000,2,1,0,0,1,0,1,0
"Chuck Fairbanks","Hank Bullough",8,"aDC",5,"DC",46,48.26,85,"NE","NE",1973,1978,1973,1978,6,1.33333333333333,1,1,2,0,2,1
"Chuck Fairbanks","Ray Perkins",4,"aOC",4,"aOC",46,48.26,85,"NE","NE",1973,1978,1974,1977,4,1,1,1,1,0,1,0
"Chuck Fairbanks","Raymond Berry",1,"aOC",1,"aOC",46,48.26,85,"NE","NE",1973,1978,1978,1978,1,1,1,1,1,0,1,0
"Chuck Fairbanks","Red Miller",4,"aOC",4,"aOC",46,48.26,85,"NE","NE",1973,1978,1973,1976,4,1,1,1,1,0,1,0
"Chuck Fairbanks","Ron Erhardt",6,"aOC",4,"OC",46,48.26,85,"NE","NE",1973,1978,1973,1978,6,1,1,1,1,0,1,1
"Chuck Fairbanks","Sam Rutigliano",1,"aOC",1,"aOC",46,48.26,85,"NE","NE",1973,1978,1973,1973,1,1,1,1,1,0,1,0
"Chuck Knox","Dick Vermeil",2,"aOC",1,"aSTC",186,189.31,334,"LA","LA",1973,1994,1973,1973,1,2,1,1,1,0,3,0
"Chuck Knox","Kay Stephenson",6,"aOC",6,"aOC",186,189.31,334,"LA","LA",1973,1994,1977,1982,6,1,1,1,1,0,1,0
"Chuck Knox","Ken Meyer",4,"OC",4,"OC",186,189.31,334,"LA","LA",1973,1994,1973,1976,4,1,1,1,1,1,1,1
"Chuck Knox","Leeman Bennett",4,"aOC",4,"aOC",186,189.31,334,"LA","LA",1973,1994,1973,1976,4,1,1,1,1,0,1,0
"Chuck Knox","Mike Martz",3,"aOC",3,"aOC",186,189.31,334,"LA","LA",1973,1994,1992,1994,3,1,1,1,1,0,1,0
"Chuck Noll","Bud Carson",6,"DC",6,"DC",193,199.75,342,"PIT","PIT",1969,1991,1972,1977,6,1,1,1,2,1,2,1
"Chuck Noll","John Fox",3,"aDC",3,"aDC",193,199.75,342,"PIT","PIT",1969,1991,1989,1991,3,1,1,1,2,0,2,0
"Chuck Noll","Rod Rust",1,"DC",1,"DC",193,199.75,342,"PIT","PIT",1969,1991,1989,1989,1,1,1,1,2,1,2,1
"Chuck Noll","Tony Dungy",8,"DC",5,"DC",193,199.75,342,"PIT","PIT",1969,1991,1981,1988,8,1,1,1,2,1,2,1
"Chuck Pagano","Bruce Arians",1,"OC",1,"OC",53,45.47,96,"IND","IND",2012,2017,2012,2012,1,1,0,1,1,1,1,1
"Clive Rush","John Mazur",2,"OC",2,"OC",5,6.52,21,"NE","NE",1969,1970,1969,1970,2,1,0,0,1,1,1,1
"Dan Devine","Bart Starr",1,"aOC",1,"aOC",25,27.82,56,"GB","GB",1971,1974,1972,1972,1,1,0,0,1,0,1,0
"Dan Devine","Hank Kuhlmann",4,"aSTC",3,"aSTC",25,27.82,56,"GB","GB",1971,1974,1971,1974,4,1,0,0,3,0,3,0
"Dan Henning","Gunther Cunningham",2,"aDC",2,"aDC",38,46.88,112,"ATL","LAC",1983,1991,1989,1990,2,1,0,0,2,0,2,0
"Dan Quinn","Kyle Shanahan",2,"OC",2,"OC",43,44.58,85,"ATL","ATL",2015,2020,2015,2016,2,1,1,1,1,1,1,1
"Dan Quinn","Matt LaFleur",2,"aOC",2,"aOC",43,44.58,85,"ATL","ATL",2015,2020,2015,2016,2,1,1,1,1,0,1,0
"Dan Reeves","Chan Gailey",11,"aOC",7,"OC",190,179.5,357,"DEN","ATL",1981,2003,1985,1990,6,1.83333333333333,1,1,1,0,1,1
"Dan Reeves","Dennis Allen",2,"aDC",2,"aDC",190,179.5,357,"DEN","ATL",1981,2003,2002,2003,2,1,1,1,2,0,2,0
"Dan Reeves","Mike Nolan",16,"aDC",6,"DC",190,179.5,357,"DEN","ATL",1981,2003,1987,1996,10,1.6,1,1,2,0,2,1
"Dan Reeves","Mike Shanahan",4,"OC",3,"OC",190,179.5,357,"DEN","ATL",1981,2003,1984,1987,4,1,1,1,1,1,1,1
"Dan Reeves","Rod Dowhower",2,"OC",2,"OC",190,179.5,357,"DEN","ATL",1981,2003,1981,1982,2,1,1,1,1,1,1,1
"Dan Reeves","Wade Phillips",4,"DC",4,"DC",190,179.5,357,"DEN","ATL",1981,2003,1989,1992,4,1,1,1,2,1,2,1
"Darryl Rogers","Wayne Fontes",4,"DC",4,"DC",18,20.18,58,"DET","DET",1985,1988,1985,1988,4,1,0,0,2,1,2,1
"Dave Campo","Mike Zimmer",3,"DC",3,"DC",15,15.56,48,"DAL","DAL",2000,2002,2000,2002,3,1,0,0,2,1,2,1
"Dave Wannstedt","Dave McGinnis",3,"aDC",3,"aDC",82,83.41,169,"CHI","MIA",1993,2004,1993,1995,3,1,0,0,2,0,2,0
"Dave Wannstedt","Greg Schiano",3,"aDC",3,"aDC",82,83.41,169,"CHI","MIA",1993,2004,1996,1998,3,1,0,0,2,0,2,0
"Dave Wannstedt","Marc Trestman",1,"aHC",1,"aHC",82,83.41,169,"CHI","MIA",1993,2004,2004,2004,1,1,0,0,3,0,3,0
"Dave Wannstedt","Ron Rivera",2,"aDC",2,"aDC",82,83.41,169,"CHI","MIA",1993,2004,1997,1998,2,1,0,0,2,0,2,0
"David Shula","Gary Moeller",2,"aOC",2,"aOC",19,23.44,71,"CIN","CIN",1992,1996,1995,1996,2,1,0,0,1,0,1,0
"Dennis Erickson","Dan Quinn",2,"aDC",2,"aDC",40,44.71,96,"SEA","SF",1995,2004,2003,2004,2,1,0,0,2,0,2,0
"Dennis Erickson","Jim Zorn",1,"aOC",1,"aOC",40,44.71,96,"SEA","SF",1995,2004,1997,1997,1,1,0,0,1,0,1,0
"Dennis Green","Brian Billick",8,"OC",6,"OC",113,107.83,205,"MIN","ARI",1992,2006,1992,1998,7,1.14285714285714,1,1,1,1,1,1
"Dennis Green","Mike Tice",6,"aOC",6,"aOC",113,107.83,205,"MIN","ARI",1992,2006,1996,2001,6,1,1,1,1,0,1,0
"Dennis Green","Tony Dungy",4,"DC",4,"DC",113,107.83,205,"MIN","ARI",1992,2006,1992,1995,4,1,1,1,2,1,2,1
"Dick Jauron","Todd Haley",3,"aOC",3,"aOC",60,57.61,142,"CHI","BUF",1999,2009,2001,2003,3,1,0,0,1,0,1,0
"Dick Nolan","Ed Hughes",3,"aOC",2,"OC",69,77.37,157,"SF","NO",1968,1980,1968,1970,3,1,0,0,1,0,1,1
"Dick Nolan","Ken Meyer",1,"aOC",1,"aOC",69,77.37,157,"SF","NO",1968,1980,1968,1968,1,1,0,0,1,0,1,0
"Dick Nolan","Paul Wiggin",7,"aDC",6,"DC",69,77.37,157,"SF","NO",1968,1980,1968,1974,7,1,0,0,2,0,2,1
"Dick Nolan","Rich Brooks",2,"aDC",2,"aDC",69,77.37,157,"SF","NO",1968,1980,1974,1975,2,1,0,0,2,0,2,0
"Dick Vermeil","Fred Bruney",6,"aDC",6,"aDC",120,130.87,229,"PHI","KC",1976,2005,1977,1982,6,1,1,1,2,0,2,0
"Dick Vermeil","Mike Martz",1,"OC",1,"OC",120,130.87,229,"PHI","KC",1976,2005,1999,1999,1,1,1,1,1,1,1,1
"Dick Vermeil","Rod Rust",2,"aDC",2,"aDC",120,130.87,229,"PHI","KC",1976,2005,1976,1977,2,1,1,1,2,0,2,0
"Dom Capers","Robert Saleh",1,"Intern",1,"Intern",48,50.75,128,"CAR","HOU",1995,2005,2005,2005,1,1,0,0,3,0,3,0
"Dom Capers","Vic Fangio",8,"DC",8,"DC",48,50.75,128,"CAR","HOU",1995,2005,1995,2005,8,1,0,0,2,1,2,1
"Don Coryell","Al Saunders",3,"aOC",3,"aOC",111,108.94,195,"ARI","LAC",1973,1986,1983,1985,3,1,1,1,1,0,1,0
"Don Coryell","Gunther Cunningham",2,"aDC",2,"aDC",111,108.94,195,"ARI","LAC",1973,1986,1985,1986,2,1,1,1,2,0,2,0
"Don Coryell","Jim Hanifan",7,"aOC",6,"aOC",111,108.94,195,"ARI","LAC",1973,1986,1973,1979,6,1.16666666666667,1,1,1,0,1,0
"Don Coryell","Jim Mora",1,"aDC",1,"aDC",111,108.94,195,"ARI","LAC",1973,1986,1985,1985,1,1,1,1,2,0,2,0
"Don Coryell","Joe Gibbs",7,"aOC",5,"OC",111,108.94,195,"ARI","LAC",1973,1986,1973,1980,7,1,1,1,1,0,1,1
"Don Coryell","Ray Perkins",1,"OC",1,"OC",111,108.94,195,"ARI","LAC",1973,1986,1978,1978,1,1,1,1,1,1,1,1
"Don Coryell","Rod Dowhower",1,"aOC",1,"aOC",111,108.94,195,"ARI","LAC",1973,1986,1973,1973,1,1,1,1,1,0,1,0
"Don McCafferty","Hank Bullough",3,"aDC",3,"aDC",28,31.16,47,"IND","DET",1970,1973,1970,1972,3,1,1,1,2,0,2,0
"Don McCafferty","John Sandusky",2,"aDC",2,"aDC",28,31.16,47,"IND","DET",1970,1973,1970,1971,2,1,1,1,2,0,2,0
"Don McCafferty","Raymond Berry",1,"aOC",1,"aOC",28,31.16,47,"IND","DET",1970,1973,1973,1973,1,1,1,1,1,0,1,0
"Don McCafferty","Red Miller",2,"aOC",2,"aOC",28,31.16,47,"IND","DET",1970,1973,1971,1972,2,1,1,1,1,0,1,0
"Don McCafferty","Rick Forzano",1,"aOC",1,"aOC",28,31.16,47,"IND","DET",1970,1973,1973,1973,1,1,1,1,1,0,1,0
"Don Shula","Bill Arnsparger",12,"aDC",7,"DC",298,290.64,448,"IND","MIA",1966,1995,1966,1973,8,1.5,1,1,2,0,2,1
"Don Shula","Chuck Noll",3,"aDC",3,"aDC",298,290.64,448,"IND","MIA",1966,1995,1966,1968,3,1,1,1,2,0,2,0
"Don Shula","Dan Henning",2,"aOC",2,"aOC",298,290.64,448,"IND","MIA",1966,1995,1979,1980,2,1,1,1,1,0,1,0
"Don Shula","David Shula",10,"aOC",10,"aOC",298,290.64,448,"IND","MIA",1966,1995,1982,1988,7,1.42857142857143,1,1,1,0,1,0
"Don Shula","Don McCafferty",4,"aOC",4,"aOC",298,290.64,448,"IND","MIA",1966,1995,1966,1969,4,1,1,1,1,0,1,0
"Don Shula","Howard Schnellenberger",3,"OC",3,"OC",298,290.64,448,"IND","MIA",1966,1995,1970,1972,3,1,1,1,1,1,1,1
"Don Shula","John Sandusky",4,"aOC",4,"aOC",298,290.64,448,"IND","MIA",1966,1995,1966,1969,4,1,1,1,1,0,1,0
"Don Shula","Monte Clark",6,"aOC",5,"aOC",298,290.64,448,"IND","MIA",1966,1995,1970,1975,6,1,1,1,1,0,1,0
"Doug Marrone","Mike Pettine",1,"DC",1,"DC",38,44.58,98,"BUF","JAX",2013,2020,2013,2013,1,1,0,0,2,1,2,1
"Doug Pederson","Frank Reich",2,"OC",2,"OC",51,53.94,97,"PHI","JAX",2016,2022,2016,2017,2,1,1,1,1,1,1,1
"Ed Khayat","Walt Michaels",1,"DC",1,"DC",8,7.19,25,"PHI","PHI",1971,1972,1972,1972,1,1,0,0,2,1,2,1
"Eric Mangini","Dan Quinn",2,"aDC",2,"aDC",33,33.68,80,"NYJ","CLE",2006,2010,2007,2008,2,1,0,0,2,0,2,0
"Forrest Gregg","Bruce Coslet",3,"aOC",3,"aOC",75,75.41,161,"CLE","GB",1975,1987,1981,1983,3,1,0,0,1,0,1,0
"Forrest Gregg","Dick Jauron",2,"aDC",2,"aDC",75,75.41,161,"CLE","GB",1975,1987,1986,1987,2,1,0,0,2,0,2,0
"Forrest Gregg","Dick LeBeau",4,"aDC",4,"aDC",75,75.41,161,"CLE","GB",1975,1987,1980,1983,4,1,0,0,2,0,2,0
"Forrest Gregg","Frank Gansz",2,"aOC",1,"aSTC",75,75.41,161,"CLE","GB",1975,1987,1980,1980,1,2,0,0,1,0,3,0
"Forrest Gregg","Hank Bullough",8,"aDC",4,"DC",75,75.41,161,"CLE","GB",1975,1987,1980,1983,4,2,0,0,2,0,2,1
"Forrest Gregg","Lindy Infante",3,"OC",2,"OC",75,75.41,161,"CLE","GB",1975,1987,1980,1982,3,1,0,0,1,1,1,1
"Forrest Gregg","Raymond Berry",2,"aOC",2,"aOC",75,75.41,161,"CLE","GB",1975,1987,1976,1977,2,1,0,0,1,0,1,0
"Forrest Gregg","Tom Coughlin",2,"aOC",2,"aOC",75,75.41,161,"CLE","GB",1975,1987,1986,1987,2,1,0,0,1,0,1,0
"Frank Gansz","Rod Rust",1,"DC",1,"DC",8,10.41,31,"KC","KC",1987,1988,1988,1988,1,1,0,0,2,1,2,1
"Frank Kush","Bud Carson",1,"DC",1,"DC",11,9.85,40,"IND","IND",1982,1984,1982,1982,1,1,0,0,2,1,2,1
"Frank Kush","Gunther Cunningham",6,"aDC",6,"aDC",11,9.85,40,"IND","IND",1982,1984,1982,1984,3,2,0,0,2,0,2,0
"Frank Kush","Hal Hunter",2,"aOC",2,"aOC",11,9.85,40,"IND","IND",1982,1984,1982,1983,2,1,0,0,1,0,1,0
"Frank Kush","Rick Venturi",3,"aDC",2,"DC",11,9.85,40,"IND","IND",1982,1984,1982,1984,3,1,0,0,2,0,2,1
"Frank Reich","Nick Sirianni",3,"OC",3,"OC",40,41.6,75,"IND","IND",2018,2022,2018,2020,3,1,1,1,1,1,1,1
"Fred O'Connor","Frank Gansz",2,"aOC",1,"aSTC",1,1.5,7,"SF","SF",1978,1978,1978,1978,1,2,0,0,1,0,3,0
"Fred O'Connor","Les Steckel",1,"aOC",1,"aOC",1,1.5,7,"SF","SF",1978,1978,1978,1978,1,1,0,0,1,0,1,0
"Fred O'Connor","Mike White",1,"aOC",1,"aOC",1,1.5,7,"SF","SF",1978,1978,1978,1978,1,1,0,0,1,0,1,0
"Gary Kubiak","Kyle Shanahan",4,"aOC",2,"OC",82,80.68,157,"HOU","DEN",2006,2016,2006,2009,4,1,1,1,1,0,1,1
"Gary Kubiak","Matt LaFleur",2,"aOC",2,"aOC",82,80.68,157,"HOU","DEN",2006,2016,2008,2009,2,1,1,1,1,0,1,0
"Gary Kubiak","Robert Saleh",5,"aDC",5,"aDC",82,80.68,157,"HOU","DEN",2006,2016,2006,2010,5,1,1,1,2,0,2,0
"Gary Kubiak","Vance Joseph",3,"aDC",3,"aDC",82,80.68,157,"HOU","DEN",2006,2016,2011,2013,3,1,1,1,2,0,2,0
"Gary Moeller","Jim Zorn",1,"aOC",1,"aOC",4,4.07,7,"DET","DET",2000,2000,2000,2000,1,1,1,1,1,0,1,0
"Gene Stallings","Hank Kuhlmann",3,"aOC",3,"aOC",23,22.19,58,"ARI","ARI",1986,1989,1986,1988,3,1,0,0,1,0,1,0
"George Allen","Dick Vermeil",1,"aSTC",1,"aSTC",116,117.97,168,"LA","WAS",1966,1977,1969,1969,1,1,1,1,3,0,3,0
"George Allen","Howard Schnellenberger",4,"aOC",4,"aOC",116,117.97,168,"LA","WAS",1966,1977,1966,1969,4,1,1,1,1,0,1,0
"George Allen","Jack Patera",1,"aDC",1,"aDC",116,117.97,168,"LA","WAS",1966,1977,1966,1966,1,1,1,1,2,0,2,0
"George Allen","Joe Walton",4,"aOC",4,"aOC",116,117.97,168,"LA","WAS",1966,1977,1974,1977,4,1,1,1,1,0,1,0
"George Allen","Marion Campbell",2,"aDC",2,"aDC",116,117.97,168,"LA","WAS",1966,1977,1967,1968,2,1,1,1,2,0,2,0
"George Allen","Marv Levy",3,"aSTC",3,"aSTC",116,117.97,168,"LA","WAS",1966,1977,1970,1972,3,1,1,1,3,0,3,0
"George Allen","Mike McCormack",2,"aOC",2,"aOC",116,117.97,168,"LA","WAS",1966,1977,1971,1972,2,1,1,1,1,0,1,0
"George Allen","Pete McCulley",1,"aOC",1,"aOC",116,117.97,168,"LA","WAS",1966,1977,1977,1977,1,1,1,1,1,0,1,0
"George Allen","Ted Marchibroda",9,"aOC",5,"OC",116,117.97,168,"LA","WAS",1966,1977,1966,1974,9,1,1,1,1,0,1,1
"George Halas","Abe Gibron",2,"aOC",2,"aOC",12,13.52,28,"CHI","CHI",1966,1967,1966,1967,2,1,0,0,1,0,1,0
"George Halas","Jim Dooley",2,"DC",2,"DC",12,13.52,28,"CHI","CHI",1966,1967,1966,1967,2,1,0,0,2,1,2,1
"George Seifert","Gary Kubiak",1,"aOC",1,"aOC",114,119.11,176,"SF","CAR",1989,2001,1994,1994,1,1,1,1,1,0,1,0
"George Seifert","Jeff Fisher",2,"aDC",2,"aDC",114,119.11,176,"SF","CAR",1989,2001,1992,1993,2,1,1,1,2,0,2,0
"George Seifert","Jon Gruden",1,"aOC",1,"aOC",114,119.11,176,"SF","CAR",1989,2001,1990,1990,1,1,1,1,1,0,1,0
"George Seifert","Marc Trestman",2,"OC",2,"OC",114,119.11,176,"SF","CAR",1989,2001,1995,1996,2,1,1,1,1,1,1,1
"George Seifert","Mike Holmgren",3,"OC",3,"OC",114,119.11,176,"SF","CAR",1989,2001,1989,1991,3,1,1,1,1,1,1,1
"George Seifert","Mike McCoy",2,"aOC",2,"aOC",114,119.11,176,"SF","CAR",1989,2001,2000,2001,2,1,1,1,1,0,1,0
"George Seifert","Ray Rhodes",4,"aDC",3,"DC",114,119.11,176,"SF","CAR",1989,2001,1989,1994,4,1,1,1,2,0,2,1
"George Wilson","Ernie Hefferle",4,"aOC",4,"aOC",15,14.92,56,"MIA","MIA",1966,1969,1966,1969,4,1,0,0,1,0,1,0
"Gus Bradley","Robert Saleh",3,"aDC",3,"aDC",14,17.66,62,"JAX","JAX",2013,2016,2014,2016,3,1,0,0,2,0,2,0
"Hank Stram","Rich Kotite",1,"aOC",1,"aOC",87,93.17,154,"KC","NO",1966,1977,1977,1977,1,1,1,1,1,0,1,0
"Hank Stram","Sam Rutigliano",2,"aOC",2,"aOC",87,93.17,154,"KC","NO",1966,1977,1976,1977,2,1,1,1,1,0,1,0
"Harland Svare","Bum Phillips",1,"aDC",1,"aDC",7,8.06,26,"LAC","LAC",1971,1973,1971,1971,1,1,0,0,2,0,2,0
"Harland Svare","Forrest Gregg",1,"aOC",1,"aOC",7,8.06,26,"LAC","LAC",1971,1973,1973,1973,1,1,0,0,1,0,1,0
"Harland Svare","Ron Waller",1,"aSTC",1,"aSTC",7,8.06,26,"LAC","LAC",1971,1973,1972,1972,1,1,0,0,3,0,3,0
"Harry Gilmer","Joe Schmidt",1,"aDC",1,"aDC",4,3.71,14,"DET","DET",1966,1966,1966,1966,1,1,0,0,2,0,2,0
"Harry Gilmer","John North",1,"aOC",1,"aOC",4,3.71,14,"DET","DET",1966,1966,1966,1966,1,1,0,0,1,0,1,0
"Harvey Johnson","John Mazur",1,"aOC",1,"aOC",2,4.85,26,"BUF","BUF",1968,1971,1968,1968,1,1,0,0,1,0,1,0
"Harvey Johnson","Tom Flores",1,"aOC",1,"aOC",2,4.85,26,"BUF","BUF",1968,1971,1971,1971,1,1,0,0,1,0,1,0
"Herm Edwards","Doug Marrone",4,"aOC",4,"aOC",54,56.65,128,"NYJ","KC",2001,2008,2002,2005,4,1,0,0,1,0,1,0
"Homer Rice","Frank Gansz",2,"aOC",1,"aSTC",8,11.98,27,"CIN","CIN",1978,1979,1979,1979,1,2,0,0,1,0,3,0
"Howard Schnellenberger","Pete McCulley",2,"aOC",2,"aOC",4,3.98,17,"IND","IND",1973,1974,1973,1974,2,1,0,0,1,0,1,0
"Hue Jackson","Freddie Kitchens",2,"aOC",1,"OC",11,16.09,56,"LV","CLE",2011,2018,2018,2018,1,2,0,0,1,0,1,1
"Hugh Campbell","Jerry Glanville",2,"DC",2,"DC",8,7.38,30,"TEN","TEN",1984,1985,1984,1985,2,1,0,0,2,1,2,1
"J.D. Roberts","Ed Biles",1,"aDC",1,"aDC",7,8.98,35,"NO","NO",1970,1972,1970,1970,1,1,0,0,2,0,2,0
"J.D. Roberts","Ed Khayat",1,"aDC",1,"aDC",7,8.98,35,"NO","NO",1970,1972,1970,1970,1,1,0,0,2,0,2,0
"J.D. Roberts","Jerry Smith",1,"aDC",1,"aDC",7,8.98,35,"NO","NO",1970,1972,1970,1970,1,1,0,0,2,0,2,0
"Jack Christiansen","Bill Johnson",2,"aOC",2,"aOC",13,12.16,28,"SF","SF",1966,1967,1966,1967,2,1,0,0,1,0,1,0
"Jack Del Rio","Anthony Lynn",2,"aOC",2,"aOC",93,88.89,187,"JAX","LV",2003,2017,2003,2004,2,1,0,0,1,0,1,0
"Jack Del Rio","Dirk Koetter",5,"OC",5,"OC",93,88.89,187,"JAX","LV",2003,2017,2007,2011,5,1,0,0,1,1,1,1
"Jack Del Rio","Mike Smith",5,"DC",5,"DC",93,88.89,187,"JAX","LV",2003,2017,2003,2007,5,1,0,0,2,1,2,1
"Jack Pardee","Chris Palmer",3,"aOC",3,"aOC",87,89.52,164,"CHI","TEN",1975,1994,1990,1992,3,1,1,1,1,0,1,0
"Jack Pardee","Fred O'Connor",3,"aOC",3,"aOC",87,89.52,164,"CHI","TEN",1975,1994,1975,1977,3,1,1,1,1,0,1,0
"Jack Pardee","Gregg Williams",5,"aDC",4,"aDC",87,89.52,164,"CHI","TEN",1975,1994,1990,1994,5,1,1,1,2,0,2,0
"Jack Pardee","Jeff Fisher",1,"DC",1,"DC",87,89.52,164,"CHI","TEN",1975,1994,1994,1994,1,1,1,1,2,1,2,1
"Jack Pardee","Joe Walton",3,"OC",3,"OC",87,89.52,164,"CHI","TEN",1975,1994,1978,1980,3,1,1,1,1,1,1,1
"Jack Pardee","Kevin Gilbride",5,"OC",5,"OC",87,89.52,164,"CHI","TEN",1975,1994,1990,1994,5,1,1,1,1,1,1,1
"Jack Pardee","Mike Munchak",2,"aOC",1,"aOC",87,89.52,164,"CHI","TEN",1975,1994,1994,1994,1,2,1,1,1,0,1,0
"Jack Pardee","Richie Petitbon",3,"aDC",3,"aDC",87,89.52,164,"CHI","TEN",1975,1994,1978,1980,3,1,1,1,2,0,2,0
"Jack Patera","Jim Mora",4,"aDC",4,"aDC",35,34.87,94,"SEA","SEA",1976,1982,1978,1981,4,1,0,0,2,0,2,0
"Jay Gruden","Sean McVay",3,"OC",3,"OC",35,34.51,85,"WAS","WAS",2014,2019,2014,2016,3,1,0,0,1,1,1,1
"Jeff Fisher","Gregg Williams",6,"DC",4,"DC",173,168.13,339,"TEN","LA",1994,2016,1995,2000,6,1,0,1,2,1,2,1
"Jeff Fisher","Jim Schwartz",10,"DC",8,"DC",173,168.13,339,"TEN","LA",1994,2016,1999,2008,10,1,0,1,2,1,2,1
"Jeff Fisher","Mike Munchak",18,"aOC",16,"aOC",173,168.13,339,"TEN","LA",1994,2016,1995,2010,16,1.125,0,1,1,0,1,0
"Jerry Burns","Marc Trestman",3,"aOC",3,"aOC",52,58.29,95,"MIN","MIN",1986,1991,1986,1991,3,1,1,1,1,0,1,0
"Jerry Burns","Pete Carroll",4,"aDC",4,"aDC",52,58.29,95,"MIN","MIN",1986,1991,1986,1989,4,1,1,1,2,0,2,0
"Jerry Glanville","June Jones",5,"OC",3,"OC",60,58.11,127,"TEN","ATL",1986,1993,1987,1993,5,1,0,0,1,1,1,1
"Jerry Glanville","Kevin Gilbride",1,"OC",1,"OC",60,58.11,127,"TEN","ATL",1986,1993,1989,1989,1,1,0,0,1,1,1,1
"Jerry Glanville","Nick Saban",2,"aDC",2,"aDC",60,58.11,127,"TEN","ATL",1986,1993,1988,1989,2,1,0,0,2,0,2,0
"Jerry Williams","Marv Levy",1,"aSTC",1,"aSTC",7,9.15,31,"PHI","PHI",1969,1971,1969,1969,1,1,0,0,3,0,3,0
"Jim Caldwell","Frank Reich",3,"aOC",3,"aOC",62,55.79,112,"IND","DET",2009,2017,2009,2011,3,1,0,1,1,0,1,0
"Jim Dooley","Abe Gibron",4,"aDC",3,"aDC",20,18.86,56,"CHI","CHI",1968,1971,1968,1971,4,1,0,0,2,0,2,0
"Jim Dooley","Jim Ringo",3,"aOC",3,"aOC",20,18.86,56,"CHI","CHI",1968,1971,1969,1971,3,1,0,0,1,0,1,0
"Jim Fassel","John Fox",5,"DC",5,"DC",58,54.07,112,"NYG","NYG",1997,2003,1997,2001,5,1,0,1,2,1,2,1
"Jim Fassel","Sean Payton",4,"OC",3,"OC",58,54.07,112,"NYG","NYG",1997,2003,1999,2002,4,1,0,1,1,1,1,1
"Jim Hanifan","Rod Dowhower",2,"OC",2,"OC",39,37.57,93,"ARI","ATL",1980,1989,1983,1984,2,1,0,0,1,1,1,1
"Jim Harbaugh","Jim Tomsula",4,"aDC",4,"aDC",44,42.17,64,"SF","SF",2011,2014,2011,2014,4,1,1,1,2,0,2,0
"Jim Harbaugh","Vic Fangio",4,"DC",4,"DC",44,42.17,64,"SF","SF",2011,2014,2011,2014,4,1,1,1,2,1,2,1
"Jim Haslett","Ben McAdoo",2,"aOC",1,"aOC",47,45.75,108,"NO","LA",2000,2008,2004,2004,1,2,0,0,1,0,1,0
"Jim Haslett","Mike McCarthy",5,"OC",5,"OC",47,45.75,108,"NO","LA",2000,2008,2000,2004,5,1,0,0,1,1,1,1
"Jim Mora","Bruce Arians",4,"aOC",4,"aOC",156,153.79,295,"NO","SEA",1986,2009,1996,2000,4,1,1,1,1,0,1,0
"Jim Mora","Dan Quinn",1,"aDC",1,"aDC",156,153.79,295,"NO","SEA",1986,2009,2009,2009,1,1,1,1,2,0,2,0
"Jim Mora","Dennis Allen",2,"aDC",2,"aDC",156,153.79,295,"NO","SEA",1986,2009,2004,2005,2,1,1,1,2,0,2,0
"Jim Mora","Dom Capers",6,"aDC",6,"aDC",156,153.79,295,"NO","SEA",1986,2009,1986,1991,6,1,1,1,2,0,2,0
"Jim Mora","Gus Bradley",1,"DC",1,"DC",156,153.79,295,"NO","SEA",1986,2009,2009,2009,1,1,1,1,2,1,2,1
"Jim Mora","Jim Haslett",2,"aDC",1,"DC",156,153.79,295,"NO","SEA",1986,2009,1995,1996,2,1,1,1,2,0,2,1
"Jim Mora","Tom Cable",1,"aOC",1,"aOC",156,153.79,295,"NO","SEA",1986,2009,2006,2006,1,1,1,1,1,0,1,0
"Jim Mora","Vic Fangio",12,"aDC",9,"DC",156,153.79,295,"NO","SEA",1986,2009,1986,2001,12,1,1,1,2,0,2,1
"Jim Zorn","Arthur Smith",1,"aDC",1,"aDC",12,12.8,32,"WAS","WAS",2008,2009,2008,2008,1,1,0,0,2,0,2,0
"Jimmy Johnson","Butch Davis",6,"aDC",5,"DC",80,76.42,144,"DAL","MIA",1989,1999,1989,1993,5,1.2,1,1,2,0,2,1
"Jimmy Johnson","Dave Campo",5,"aDC",5,"aDC",80,76.42,144,"DAL","MIA",1989,1999,1989,1993,5,1,1,1,2,0,2,0
"Jimmy Johnson","Dave Wannstedt",4,"DC",4,"DC",80,76.42,144,"DAL","MIA",1989,1999,1989,1992,4,1,1,1,2,1,2,1
"Jimmy Johnson","David Shula",2,"OC",2,"OC",80,76.42,144,"DAL","MIA",1989,1999,1989,1990,2,1,1,1,1,1,1,1
"Jimmy Johnson","Norv Turner",6,"aOC",3,"OC",80,76.42,144,"DAL","MIA",1989,1999,1991,1993,3,2,1,1,1,0,1,1
"Joe Collier","Jerry Smith",2,"aOC",2,"aOC",13,15.17,28,"BUF","BUF",1966,1967,1966,1967,2,1,1,0,1,0,1,0
"Joe Collier","John Mazur",2,"aOC",2,"aOC",13,15.17,28,"BUF","BUF",1966,1967,1966,1967,2,1,1,0,1,0,1,0
"Joe Gibbs","Arthur Smith",1,"aDC",1,"aDC",154,147.23,248,"WAS","WAS",1981,2007,2007,2007,1,1,1,1,2,0,2,0
"Joe Gibbs","Dan Henning",2,"aOC",2,"aOC",154,147.23,248,"WAS","WAS",1981,2007,1981,1982,2,1,1,1,1,0,1,0
"Joe Gibbs","Joe Bugel",25,"aOC",9,"OC",154,147.23,248,"WAS","WAS",1981,2007,1981,1989,9,2.77777777777778,1,1,1,0,1,1
"Joe Gibbs","Richie Petitbon",12,"DC",12,"DC",154,147.23,248,"WAS","WAS",1981,2007,1981,1992,12,1,1,1,2,1,2,1
"Joe Gibbs","Steve Spagnuolo",1,"Intern",1,"Intern",154,147.23,248,"WAS","WAS",1981,2007,1983,1983,1,1,1,1,3,0,3,0
"Joe Gibbs","Steve Wilks",1,"aDC",1,"aDC",154,147.23,248,"WAS","WAS",1981,2007,2005,2005,1,1,1,1,2,0,2,0
"Joe Kuharich","Fred Bruney",3,"aDC",3,"aDC",17,15.37,42,"PHI","PHI",1966,1968,1966,1968,3,1,0,0,2,0,2,0
"Joe Philbin","Dan Campbell",4,"aOC",4,"aOC",26,25.58,56,"MIA","GB",2012,2018,2012,2015,4,1,0,0,1,0,1,0
"Joe Philbin","Zac Taylor",4,"aOC",4,"aOC",26,25.58,56,"MIA","GB",2012,2018,2012,2015,4,1,0,0,1,0,1,0
"Joe Schmidt","Chuck Knox",6,"aOC",6,"aOC",43,50,84,"DET","DET",1967,1972,1967,1972,6,1,1,1,1,0,1,0
"Joe Schmidt","John North",6,"aOC",6,"aOC",43,50,84,"DET","DET",1967,1972,1967,1972,6,1,1,1,1,0,1,0
"Joe Schmidt","Leeman Bennett",1,"aOC",1,"aOC",43,50,84,"DET","DET",1967,1972,1972,1972,1,1,1,1,1,0,1,0
"Joe Thomas","Pete McCulley",1,"aOC",1,"aOC",2,3.07,11,"IND","IND",1974,1974,1974,1974,1,1,0,0,1,0,1,0
"Joe Walton","Bud Carson",4,"DC",4,"DC",53,52.71,111,"NYJ","NYJ",1983,1989,1985,1988,4,1,0,0,2,1,2,1
"Joe Walton","Rich Kotite",7,"OC",5,"OC",53,52.71,111,"NYJ","NYJ",1983,1989,1983,1989,7,1,0,0,1,1,1,1
"John Fox","Adam Gase",5,"OC",3,"OC",133,126.44,256,"CAR","CHI",2002,2017,2011,2015,5,1,0,1,1,1,1,1
"John Fox","Brandon Staley",1,"aDC",1,"aDC",133,126.44,256,"CAR","CHI",2002,2017,2017,2017,1,1,0,1,2,0,2,0
"John Fox","Dennis Allen",1,"DC",1,"DC",133,126.44,256,"CAR","CHI",2002,2017,2011,2011,1,1,0,1,2,1,2,1
"John Fox","Jack Del Rio",1,"DC",1,"DC",133,126.44,256,"CAR","CHI",2002,2017,2002,2002,1,1,0,1,2,1,2,1
"John Fox","Mike McCoy",11,"aOC",9,"OC",133,126.44,256,"CAR","CHI",2002,2017,2002,2012,9,1.22222222222222,0,1,1,0,1,1
"John Fox","Vic Fangio",3,"DC",3,"DC",133,126.44,256,"CAR","CHI",2002,2017,2015,2017,3,1,0,1,2,1,2,1
"John Harbaugh","Chuck Pagano",4,"aDC",3,"DC",147,151.2,242,"BAL","BAL",2008,2022,2008,2011,4,1,1,1,2,0,2,1
"John Harbaugh","David Culley",6,"aOC",4,"aOC",147,151.2,242,"BAL","BAL",2008,2022,2019,2020,2,3,1,1,1,0,1,0
"John Harbaugh","Hue Jackson",2,"aOC",2,"aOC",147,151.2,242,"BAL","BAL",2008,2022,2008,2009,2,1,1,1,1,0,1,0
"John Harbaugh","Mike Pettine",1,"aDC",1,"aDC",147,151.2,242,"BAL","BAL",2008,2022,2008,2008,1,1,1,1,2,0,2,0
"John Harbaugh","Rex Ryan",2,"DC",1,"DC",147,151.2,242,"BAL","BAL",2008,2022,2008,2008,1,2,1,1,2,1,2,1
"John Harbaugh","Vic Fangio",2,"aDC",2,"aDC",147,151.2,242,"BAL","BAL",2008,2022,2008,2009,2,1,1,1,2,0,2,0
"John Mackovic","Bud Carson",1,"DC",1,"DC",30,31.87,64,"KC","KC",1983,1986,1983,1983,1,1,0,0,2,1,2,1
"John Mackovic","Frank Gansz",2,"aSTC",1,"aSTC",30,31.87,64,"KC","KC",1983,1986,1986,1986,1,2,0,0,3,0,3,0
"John Mackovic","Richard Williamson",4,"aOC",4,"aOC",30,31.87,64,"KC","KC",1983,1986,1983,1986,4,1,0,0,1,0,1,0
"John Madden","John Robinson",1,"aOC",1,"aOC",103,96.61,142,"LV","LV",1969,1978,1975,1975,1,1,1,1,1,0,1,0
"John Madden","Tom Flores",7,"aOC",7,"aOC",103,96.61,142,"LV","LV",1969,1978,1972,1978,7,1,1,1,1,0,1,0
"John Mazur","Sam Rutigliano",2,"aOC",2,"aOC",9,5.93,30,"NE","NE",1970,1972,1971,1972,2,1,0,0,1,0,1,0
"John McKay","Joe Gibbs",1,"OC",1,"OC",44,49.49,133,"TB","TB",1976,1984,1978,1978,1,1,0,0,1,1,1,1
"John McKay","Wayne Fontes",9,"aDC",6,"DC",44,49.49,133,"TB","TB",1976,1984,1976,1984,9,1,0,0,2,0,2,1
"John McVay","Lindy Infante",2,"aOC",2,"aOC",14,14.81,37,"NYG","NYG",1976,1978,1977,1978,2,1,0,0,1,0,1,0
"John McVay","Marty Schottenheimer",2,"aDC",1,"DC",14,14.81,37,"NYG","NYG",1976,1978,1976,1977,2,1,0,0,2,0,2,1
"John Rauch","Bill Walsh",1,"aOC",1,"aOC",40,37.97,70,"LV","BUF",1966,1970,1966,1966,1,1,1,1,1,0,1,0
"John Rauch","John Madden",2,"aDC",2,"aDC",40,37.97,70,"LV","BUF",1966,1970,1967,1968,2,1,1,1,2,0,2,0
"John Robinson","Jeff Fisher",1,"DC",1,"DC",75,73.91,143,"LA","LA",1983,1991,1991,1991,1,1,1,1,2,1,2,1
"John Robinson","Norv Turner",10,"aOC",10,"aOC",75,73.91,143,"LA","LA",1983,1991,1985,1990,6,1.66666666666667,1,1,1,0,1,0
"John Sandusky","Hank Bullough",1,"aDC",1,"aDC",4,4.74,9,"IND","IND",1972,1972,1972,1972,1,1,1,0,2,0,2,0
"John Sandusky","Red Miller",1,"aOC",1,"aOC",4,4.74,9,"IND","IND",1972,1972,1972,1972,1,1,1,0,1,0,1,0
"Jon Gruden","Bill Callahan",8,"aOC",4,"OC",117,117.55,229,"LV","LV",1998,2021,1998,2001,4,2,1,1,1,0,1,1
"Jon Gruden","Gus Bradley",3,"aDC",3,"aDC",117,117.55,229,"LV","LV",1998,2021,2006,2008,3,1,1,1,2,0,2,0
"Jon Gruden","Jay Gruden",7,"aOC",7,"aOC",117,117.55,229,"LV","LV",1998,2021,2002,2008,7,1,1,1,1,0,1,0
"Jon Gruden","Kyle Shanahan",2,"aOC",2,"aOC",117,117.55,229,"LV","LV",1998,2021,2004,2005,2,1,1,1,1,0,1,0
"Jon Gruden","Marc Trestman",1,"aOC",1,"aOC",117,117.55,229,"LV","LV",1998,2021,2001,2001,1,1,1,1,1,0,1,0
"Jon Gruden","Mike Tomlin",4,"aDC",4,"aDC",117,117.55,229,"LV","LV",1998,2021,2002,2005,4,1,1,1,2,0,2,0
"Jon Gruden","Raheem Morris",6,"aDC",6,"aDC",117,117.55,229,"LV","LV",1998,2021,2002,2008,6,1,1,1,2,0,2,0
"Jon Gruden","Rod Marinelli",8,"aDC",4,"aHC",117,117.55,229,"LV","LV",1998,2021,2002,2005,4,2,1,1,2,0,3,0
"Jon Gruden","Sean McVay",1,"aOC",1,"aOC",117,117.55,229,"LV","LV",1998,2021,2008,2008,1,1,1,1,1,0,1,0
"Josh McDaniels","Adam Gase",2,"aOC",2,"aOC",17,20.18,45,"DEN","LV",2009,2022,2009,2010,2,1,0,0,1,0,1,0
"Josh McDaniels","Mike McCoy",2,"OC",2,"OC",17,20.18,45,"DEN","LV",2009,2022,2009,2010,2,1,0,0,1,1,1,1
"Kay Stephenson","Dick Jauron",1,"aDC",1,"aDC",10,9.68,36,"BUF","BUF",1983,1985,1985,1985,1,1,0,0,2,0,2,0
"Kay Stephenson","Hank Bullough",1,"DC",1,"DC",10,9.68,36,"BUF","BUF",1983,1985,1985,1985,1,1,0,0,2,1,2,1
"Kay Stephenson","Pete Carroll",1,"aDC",1,"aDC",10,9.68,36,"BUF","BUF",1983,1985,1984,1984,1,1,0,0,2,0,2,0
"Ken Whisenhunt","Arthur Smith",2,"aOC",2,"aOC",48,47.66,119,"ARI","TEN",2007,2015,2014,2015,2,1,0,0,1,0,1,0
"Ken Whisenhunt","Frank Reich",1,"aOC",1,"aOC",48,47.66,119,"ARI","TEN",2007,2015,2012,2012,1,1,0,0,1,0,1,0
"Ken Whisenhunt","Freddie Kitchens",6,"aOC",6,"aOC",48,47.66,119,"ARI","TEN",2007,2015,2007,2012,6,1,0,0,1,0,1,0
"Ken Whisenhunt","Todd Haley",2,"OC",2,"OC",48,47.66,119,"ARI","TEN",2007,2015,2007,2008,2,1,0,0,1,1,1,1
"Kyle Shanahan","Robert Saleh",4,"DC",4,"DC",52,54.83,98,"SF","SF",2017,2022,2017,2020,4,1,1,1,2,1,2,1
"Lane Kiffin","Tom Cable",2,"aOC",2,"aOC",5,6.34,20,"LV","LV",2007,2008,2007,2008,2,1,0,0,1,0,1,0
"Leeman Bennett","Jerry Glanville",6,"DC",4,"DC",50,53.69,119,"ATL","TB",1977,1986,1977,1982,6,1,0,0,2,1,2,1
"Les Steckel","Jerry Burns",1,"OC",1,"OC",3,3.34,16,"MIN","MIN",1984,1984,1984,1984,1,1,0,0,1,1,1,1
"Leslie Frazier","Kevin Stefanski",4,"aOC",4,"aOC",21,22.96,54,"MIN","MIN",2010,2013,2010,2013,4,1,0,0,1,0,1,0
"Lindy Infante","Dick Jauron",4,"aDC",4,"aDC",36,39.32,96,"GB","IND",1988,1997,1988,1991,4,1,0,0,2,0,2,0
"Lou Holtz","Dan Henning",2,"aOC",2,"aOC",3,2,13,"NYJ","NYJ",1976,1976,1976,1976,1,2,0,0,1,0,1,0
"Lou Holtz","Walt Michaels",1,"DC",1,"DC",3,2,13,"NYJ","NYJ",1976,1976,1976,1976,1,1,0,0,2,1,2,1
"Lou Saban","Dick MacPherson",4,"aDC",4,"aDC",52,53.82,126,"DEN","BUF",1967,1976,1967,1970,4,1,0,0,2,0,2,0
"Lou Saban","Jim Ringo",4,"aOC",4,"aOC",52,53.82,126,"DEN","BUF",1967,1976,1972,1975,4,1,0,0,1,0,1,0
"Lou Saban","Sam Rutigliano",4,"aOC",4,"aOC",52,53.82,126,"DEN","BUF",1967,1976,1967,1970,4,1,0,0,1,0,1,0
"Lovie Smith","Dirk Koetter",1,"OC",1,"OC",93,94.92,194,"CHI","HOU",2004,2022,2015,2015,1,1,0,0,1,1,1,1
"Lovie Smith","Ron Rivera",3,"DC",3,"DC",93,94.92,194,"CHI","HOU",2004,2022,2004,2006,3,1,0,0,2,1,2,1
"Lovie Smith","Steve Wilks",3,"aDC",3,"aDC",93,94.92,194,"CHI","HOU",2004,2022,2006,2008,3,1,0,0,2,0,2,0
"Marion Campbell","Al Groh",2,"aOC",1,"aSTC",34,35.78,115,"ATL","ATL",1974,1989,1987,1987,1,2,0,0,1,0,3,0
"Marion Campbell","Frank Gansz",6,"aOC",3,"aSTC",34,35.78,115,"ATL","ATL",1974,1989,1983,1985,3,2,0,0,1,0,3,0
"Marion Campbell","Fred Bruney",8,"aDC",3,"aHC",34,35.78,115,"ATL","ATL",1974,1989,1975,1985,5,1.6,0,0,2,0,3,0
"Marion Campbell","Tom Coughlin",2,"aOC",2,"aOC",34,35.78,115,"ATL","ATL",1974,1989,1984,1985,2,1,0,0,1,0,1,0
"Marty Schottenheimer","Bill Cowher",7,"DC",3,"DC",197,189.31,327,"CLE","LAC",1984,2006,1985,1991,7,1,1,1,2,1,2,1
"Marty Schottenheimer","Bruce Arians",4,"aOC",4,"aOC",197,189.31,327,"CLE","LAC",1984,2006,1989,1992,4,1,1,1,1,0,1,0
"Marty Schottenheimer","Cam Cameron",5,"OC",5,"OC",197,189.31,327,"CLE","LAC",1984,2006,2002,2006,5,1,1,1,1,1,1,1
"Marty Schottenheimer","Gunther Cunningham",4,"DC",4,"DC",197,189.31,327,"CLE","LAC",1984,2006,1995,1998,4,1,1,1,2,1,2,1
"Marty Schottenheimer","Herm Edwards",6,"aDC",4,"aDC",197,189.31,327,"CLE","LAC",1984,2006,1990,1995,6,1,1,1,2,0,2,0
"Marty Schottenheimer","Hue Jackson",1,"aOC",1,"aOC",197,189.31,327,"CLE","LAC",1984,2006,2001,2001,1,1,1,1,1,0,1,0
"Marty Schottenheimer","Lindy Infante",2,"OC",2,"OC",197,189.31,327,"CLE","LAC",1984,2006,1986,1987,2,1,1,1,1,1,1,1
"Marty Schottenheimer","Marc Trestman",1,"aOC",1,"aOC",197,189.31,327,"CLE","LAC",1984,2006,1988,1988,1,1,1,1,1,0,1,0
"Marty Schottenheimer","Mike McCarthy",6,"aOC",6,"aOC",197,189.31,327,"CLE","LAC",1984,2006,1993,1998,6,1,1,1,1,0,1,0
"Marty Schottenheimer","Rob Chudzinski",2,"aOC",2,"aOC",197,189.31,327,"CLE","LAC",1984,2006,2005,2006,2,1,1,1,1,0,1,0
"Marty Schottenheimer","Tony Dungy",3,"aDC",3,"aDC",197,189.31,327,"CLE","LAC",1984,2006,1989,1991,3,1,1,1,2,0,2,0
"Marty Schottenheimer","Tony Sparano",1,"aOC",1,"aOC",197,189.31,327,"CLE","LAC",1984,2006,2001,2001,1,1,1,1,1,0,1,0
"Marv Levy","Bobby Ross",4,"aOC",2,"aOC",143,139.39,255,"KC","BUF",1978,1997,1978,1981,4,1,1,1,1,0,1,0
"Marv Levy","Frank Gansz",4,"aOC",2,"aSTC",143,139.39,255,"KC","BUF",1978,1997,1981,1982,2,2,1,1,1,0,3,0
"Marv Levy","Rod Rust",5,"DC",5,"DC",143,139.39,255,"KC","BUF",1978,1997,1978,1982,5,1,1,1,2,1,2,1
"Marvin Lewis","Hue Jackson",3,"aOC",3,"aOC",131,129.86,256,"CIN","CIN",2003,2018,2004,2006,3,1,1,1,1,0,1,0
"Marvin Lewis","Jay Gruden",3,"OC",3,"OC",131,129.86,256,"CIN","CIN",2003,2018,2011,2013,3,1,1,1,1,1,1,1
"Marvin Lewis","Leslie Frazier",2,"DC",2,"DC",131,129.86,256,"CIN","CIN",2003,2018,2003,2004,2,1,1,1,2,1,2,1
"Marvin Lewis","Mike Zimmer",6,"DC",6,"DC",131,129.86,256,"CIN","CIN",2003,2018,2008,2013,6,1,1,1,2,1,2,1
"Marvin Lewis","Vance Joseph",2,"aDC",2,"aDC",131,129.86,256,"CIN","CIN",2003,2018,2014,2015,2,1,1,1,2,0,2,0
"Matt Nagy","Brandon Staley",1,"aDC",1,"aDC",34,32.85,65,"CHI","CHI",2018,2021,2018,2018,1,1,1,1,2,0,2,0
"Matt Nagy","Vic Fangio",1,"DC",1,"DC",34,32.85,65,"CHI","CHI",2018,2021,2018,2018,1,1,1,1,2,1,2,1
"Mike Ditka","Buddy Ryan",4,"DC",4,"DC",121,118.03,216,"CHI","NO",1982,1999,1982,1985,4,1,1,1,2,1,2,1
"Mike Ditka","Dave McGinnis",7,"aDC",7,"aDC",121,118.03,216,"CHI","NO",1982,1999,1986,1992,7,1,1,1,2,0,2,0
"Mike Ditka","Hank Kuhlmann",2,"aOC",1,"aSTC",121,118.03,216,"CHI","NO",1982,1999,1982,1982,1,2,1,1,1,0,3,0
"Mike Ditka","Jack Del Rio",2,"aC",2,"aC",121,118.03,216,"CHI","NO",1982,1999,1997,1998,2,1,1,1,3,0,3,0
"Mike Ditka","Vince Tobin",7,"DC",7,"DC",121,118.03,216,"CHI","NO",1982,1999,1986,1992,7,1,1,1,2,1,2,1
"Mike Holmgren","Andy Reid",12,"aOC",12,"aOC",161,157.77,272,"GB","SEA",1992,2008,1992,1998,7,1.71428571428571,1,1,1,0,1,0
"Mike Holmgren","Dick Jauron",3,"aDC",3,"aDC",161,157.77,272,"GB","SEA",1992,2008,1992,1994,3,1,1,1,2,0,2,0
"Mike Holmgren","Jim Zorn",7,"aOC",7,"aOC",161,157.77,272,"GB","SEA",1992,2008,2001,2007,7,1,1,1,1,0,1,0
"Mike Holmgren","Jon Gruden",3,"aOC",3,"aOC",161,157.77,272,"GB","SEA",1992,2008,1992,1994,3,1,1,1,1,0,1,0
"Mike Holmgren","Marty Mornhinweg",2,"aOC",2,"aOC",161,157.77,272,"GB","SEA",1992,2008,1995,1996,2,1,1,1,1,0,1,0
"Mike Holmgren","Mike Sherman",5,"aOC",4,"OC",161,157.77,272,"GB","SEA",1992,2008,1997,1999,3,1.66666666666667,1,1,1,0,1,1
"Mike Holmgren","Ray Rhodes",2,"DC",2,"DC",161,157.77,272,"GB","SEA",1992,2008,1992,1993,2,1,1,1,2,1,2,1
"Mike Holmgren","Steve Mariucci",4,"aOC",4,"aOC",161,157.77,272,"GB","SEA",1992,2008,1992,1995,4,1,1,1,1,0,1,0
"Mike Holmgren","Todd Bowles",2,"aC",2,"aC",161,157.77,272,"GB","SEA",1992,2008,1995,1996,2,1,1,1,3,0,3,0
"Mike Martz","Lovie Smith",4,"DC",3,"DC",53,47.76,85,"LA","LA",2000,2005,2001,2003,3,1.33333333333333,1,1,2,1,2,1
"Mike McCarthy","Ben McAdoo",8,"aOC",8,"aOC",155,151.95,254,"GB","DAL",2006,2022,2006,2013,8,1,1,1,1,0,1,0
"Mike McCarthy","Joe Philbin",6,"OC",5,"OC",155,151.95,254,"GB","DAL",2006,2022,2006,2011,6,1,1,1,1,1,1,1
"Mike McCormack","Dick LeBeau",3,"aSTC",3,"aSTC",29,30.61,81,"PHI","SEA",1973,1982,1973,1975,3,1,0,0,3,0,3,0
"Mike McCormack","Walt Michaels",3,"DC",3,"DC",29,30.61,81,"PHI","SEA",1973,1982,1973,1975,3,1,0,0,2,1,2,1
"Mike McCoy","Frank Reich",3,"OC",2,"OC",27,30.9,64,"LAC","LAC",2013,2016,2013,2015,3,1,0,0,1,1,1,1
"Mike McCoy","Nick Sirianni",4,"aOC",4,"aOC",27,30.9,64,"LAC","LAC",2013,2016,2013,2016,4,1,0,0,1,0,1,0
"Mike Mularkey","Arthur Smith",2,"aOC",2,"aOC",36,37.52,89,"BUF","TEN",2004,2017,2016,2017,2,1,0,0,1,0,1,0
"Mike Munchak","Arthur Smith",4,"aOC",3,"aOC",22,20.57,48,"TEN","TEN",2011,2013,2011,2013,3,1.33333333333333,0,0,1,0,1,0
"Mike Nolan","Adam Gase",1,"aOC",1,"aOC",18,14.6,55,"SF","SF",2005,2008,2008,2008,1,1,0,0,1,0,1,0
"Mike Nolan","Ben McAdoo",2,"aOC",1,"aOC",18,14.6,55,"SF","SF",2005,2008,2005,2005,1,2,0,0,1,0,1,0
"Mike Nolan","Jim Tomsula",2,"aDC",2,"aDC",18,14.6,55,"SF","SF",2005,2008,2007,2008,2,1,0,0,2,0,2,0
"Mike Nolan","Mike McCarthy",1,"OC",1,"OC",18,14.6,55,"SF","SF",2005,2008,2005,2005,1,1,0,0,1,1,1,1
"Mike Nolan","Mike Singletary",8,"aDC",4,"aHC",18,14.6,55,"SF","SF",2005,2008,2005,2008,4,2,0,0,2,0,3,0
"Mike Nolan","Vance Joseph",4,"aDC",4,"aDC",18,14.6,55,"SF","SF",2005,2008,2005,2008,4,1,0,0,2,0,2,0
"Mike Pettine","Kyle Shanahan",1,"OC",1,"OC",10,11.04,32,"CLE","CLE",2014,2015,2014,2014,1,1,0,0,1,1,1,1
"Mike Shanahan","Anthony Lynn",3,"aSTC",3,"aSTC",170,167.23,308,"LV","WAS",1988,2013,2000,2002,3,1,1,1,3,0,3,0
"Mike Shanahan","Art Shell",1,"aOC",1,"aOC",170,167.23,308,"LV","WAS",1988,2013,1988,1988,1,1,1,1,1,0,1,0
"Mike Shanahan","Gary Kubiak",19,"OC",11,"OC",170,167.23,308,"LV","WAS",1988,2013,1995,2005,11,1.72727272727273,1,1,1,1,1,1
"Mike Shanahan","Kyle Shanahan",4,"OC",4,"OC",170,167.23,308,"LV","WAS",1988,2013,2010,2013,4,1,1,1,1,1,1,1
"Mike Shanahan","Matt LaFleur",4,"aOC",4,"aOC",170,167.23,308,"LV","WAS",1988,2013,2010,2013,4,1,1,1,1,0,1,0
"Mike Shanahan","Sean McVay",4,"aOC",4,"aOC",170,167.23,308,"LV","WAS",1988,2013,2010,2013,4,1,1,1,1,0,1,0
"Mike Sherman","Joe Philbin",5,"aOC",5,"aOC",57,56.98,96,"GB","GB",2000,2005,2003,2005,3,1.66666666666667,1,1,1,0,1,0
"Mike Singletary","Jim Tomsula",3,"aDC",3,"aDC",18,19.32,40,"SF","SF",2008,2010,2009,2010,2,1.5,0,0,2,0,2,0
"Mike Singletary","Vance Joseph",2,"aDC",2,"aDC",18,19.32,40,"SF","SF",2008,2010,2009,2010,2,1,0,0,2,0,2,0
"Mike Smith","Dirk Koetter",3,"OC",3,"OC",66,63.4,112,"ATL","ATL",2008,2014,2012,2014,3,1,1,1,1,1,1,1
"Mike Tice","Scott Linehan",6,"aOC",3,"OC",32,31.6,67,"MIN","MIN",2001,2005,2002,2004,3,2,0,0,1,0,1,1
"Mike Tomlin","Bruce Arians",5,"OC",5,"OC",163,155.31,258,"PIT","PIT",2007,2022,2007,2011,5,1,1,1,1,1,1,1
"Mike Vrabel","Arthur Smith",3,"OC",2,"OC",48,43.91,82,"TEN","TEN",2018,2022,2018,2020,3,1,1,1,1,1,1,1
"Mike Vrabel","Matt LaFleur",1,"OC",1,"OC",48,43.91,82,"TEN","TEN",2018,2022,2018,2018,1,1,1,1,1,1,1,1
"Mike White","John Fox",1,"DC",1,"DC",15,17.84,32,"LV","LV",1995,1996,1995,1995,1,1,1,0,2,1,2,1
"Mike Zimmer","Kevin Stefanski",6,"aOC",5,"OC",72,72.25,129,"MIN","MIN",2014,2021,2014,2019,6,1,1,1,1,0,1,1
"Monte Clark","Marty Schottenheimer",2,"aDC",2,"aDC",51,60.15,119,"SF","DET",1976,1984,1978,1979,2,1,1,0,2,0,2,0
"Neill Armstrong","Buddy Ryan",4,"DC",4,"DC",30,32.21,64,"CHI","CHI",1978,1981,1978,1981,4,1,1,0,2,1,2,1
"Neill Armstrong","Hank Kuhlmann",6,"aOC",3,"aSTC",30,32.21,64,"CHI","CHI",1978,1981,1979,1981,3,2,1,0,1,0,3,0
"Nick Saban","Dan Quinn",2,"aDC",2,"aDC",15,15.23,32,"MIA","MIA",2005,2006,2005,2006,2,1,0,0,2,0,2,0
"Nick Saban","Jason Garrett",2,"aOC",2,"aOC",15,15.23,32,"MIA","MIA",2005,2006,2005,2006,2,1,0,0,1,0,1,0
"Nick Saban","Scott Linehan",1,"OC",1,"OC",15,15.23,32,"MIA","MIA",2005,2006,2005,2005,1,1,0,0,1,1,1,1
"Nick Skorich","Forrest Gregg",1,"aOC",1,"aOC",30,25.76,56,"CLE","CLE",1971,1974,1974,1974,1,1,0,1,1,0,1,0
"Norb Hecker","Tom Fears",1,"OC",1,"OC",4,3.81,31,"ATL","ATL",1966,1968,1966,1966,1,1,0,0,1,1,1,1
"Norm Van Brocklin","Fred Bruney",6,"aDC",6,"aDC",41,45.34,103,"MIN","ATL",1966,1974,1969,1974,6,1,0,0,2,0,2,0
"Norm Van Brocklin","Marion Campbell",7,"DC",6,"DC",41,45.34,103,"MIN","ATL",1966,1974,1966,1974,7,1,0,0,2,1,2,1
"Norv Turner","Cam Cameron",3,"aOC",3,"aOC",114,124.73,237,"WAS","LAC",1994,2012,1994,1996,3,1,1,0,1,0,1,0
"Norv Turner","Chuck Pagano",1,"aDC",1,"aDC",114,124.73,237,"WAS","LAC",1994,2012,2005,2005,1,1,1,0,2,0,2,0
"Norv Turner","Mike Martz",2,"aOC",2,"aOC",114,124.73,237,"WAS","LAC",1994,2012,1997,1998,2,1,1,0,1,0,1,0
"Norv Turner","Mike Nolan",3,"DC",3,"DC",114,124.73,237,"WAS","LAC",1994,2012,1997,1999,3,1,1,0,2,1,2,1
"Norv Turner","Rob Chudzinski",4,"aOC",2,"aOC",114,124.73,237,"WAS","LAC",1994,2012,2009,2010,2,2,1,0,1,0,1,0
"Norv Turner","Ron Rivera",4,"DC",3,"DC",114,124.73,237,"WAS","LAC",1994,2012,2007,2010,4,1,1,0,2,1,2,1
"Norv Turner","Steve Wilks",3,"aDC",3,"aDC",114,124.73,237,"WAS","LAC",1994,2012,2009,2011,3,1,1,0,2,0,2,0
"Otto Graham","Ed Hughes",2,"aDC",2,"aDC",17,17.93,42,"WAS","WAS",1966,1968,1966,1967,2,1,0,0,2,0,2,0
"Otto Graham","Mike McCormack",3,"aDC",3,"aDC",17,17.93,42,"WAS","WAS",1966,1968,1966,1968,3,1,0,0,2,0,2,0
"Pat Peppler","Fred Bruney",1,"DC",1,"DC",3,1.97,9,"ATL","ATL",1976,1976,1976,1976,1,1,0,0,2,1,2,1
"Paul Brown","Bill Johnson",8,"aOC",8,"aOC",55,59.96,112,"CIN","CIN",1968,1975,1968,1975,8,1,1,0,1,0,1,0
"Paul Brown","Bill Walsh",8,"aOC",8,"aOC",55,59.96,112,"CIN","CIN",1968,1975,1968,1975,8,1,1,0,1,0,1,0
"Paul Brown","Rick Forzano",1,"aOC",1,"aOC",55,59.96,112,"CIN","CIN",1968,1975,1968,1968,1,1,1,0,1,0,1,0
"Pete Carroll","Dan Quinn",3,"DC",2,"DC",161,160.33,274,"NYJ","SEA",1994,2022,2010,2014,3,1,1,1,2,1,2,1
"Pete Carroll","Gus Bradley",3,"DC",3,"DC",161,160.33,274,"NYJ","SEA",1994,2022,2010,2012,3,1,1,1,2,1,2,1
"Pete Carroll","Robert Saleh",3,"aDC",3,"aDC",161,160.33,274,"NYJ","SEA",1994,2022,2011,2013,3,1,1,1,2,0,2,0
"Pete McCulley","Frank Gansz",2,"aOC",1,"aSTC",1,2.46,9,"SF","SF",1978,1978,1978,1978,1,2,0,0,1,0,3,0
"Pete McCulley","Les Steckel",1,"aOC",1,"aOC",1,2.46,9,"SF","SF",1978,1978,1978,1978,1,1,0,0,1,0,1,0
"Pete McCulley","Mike White",1,"aOC",1,"aOC",1,2.46,9,"SF","SF",1978,1978,1978,1978,1,1,0,0,1,0,1,0
"Phil Bengtson","Sam Rutigliano",1,"aOC",1,"aOC",21,22.22,47,"GB","NE",1968,1972,1972,1972,1,1,0,0,1,0,1,0
"Ray Handley","Al Groh",1,"DC",1,"DC",14,13.78,32,"NYG","NYG",1991,1992,1991,1991,1,1,0,0,2,1,2,1
"Ray Handley","Jim Fassel",2,"aOC",1,"OC",14,13.78,32,"NYG","NYG",1991,1992,1991,1992,2,1,0,0,1,0,1,1
"Ray Handley","Romeo Crennel",2,"aDC",2,"aDC",14,13.78,32,"NYG","NYG",1991,1992,1991,1992,2,1,0,0,2,0,2,0
"Ray Malavasi","Bud Carson",4,"DC",4,"DC",44,42.66,85,"DEN","LA",1966,1982,1978,1981,4,1,1,1,2,1,2,1
"Ray Perkins","Bill Belichick",8,"aDC",4,"aSTC",42,42.67,117,"NYG","TB",1979,1990,1979,1982,4,2,0,0,2,0,3,0
"Ray Perkins","Bill Parcells",2,"DC",2,"DC",42,42.67,117,"NYG","TB",1979,1990,1981,1982,2,1,0,0,2,1,2,1
"Ray Perkins","Marc Trestman",1,"aOC",1,"aOC",42,42.67,117,"NYG","TB",1979,1990,1987,1987,1,1,0,0,1,0,1,0
"Ray Perkins","Richard Williamson",6,"aOC",3,"aOC",42,42.67,117,"NYG","TB",1979,1990,1987,1989,3,2,0,0,1,0,1,0
"Ray Perkins","Romeo Crennel",4,"aDC",2,"aSTC",42,42.67,117,"NYG","TB",1979,1990,1981,1982,2,2,0,0,2,0,3,0
"Ray Rhodes","Bill Callahan",3,"aOC",3,"aOC",37,33.22,80,"PHI","GB",1995,1999,1995,1997,3,1,0,0,1,0,1,0
"Ray Rhodes","John Harbaugh",1,"STC",1,"STC",37,33.22,80,"PHI","GB",1995,1999,1998,1998,1,1,0,0,3,1,3,1
"Ray Rhodes","Jon Gruden",3,"OC",3,"OC",37,33.22,80,"PHI","GB",1995,1999,1995,1997,3,1,0,0,1,1,1,1
"Ray Rhodes","Mike McCarthy",1,"aOC",1,"aOC",37,33.22,80,"PHI","GB",1995,1999,1999,1999,1,1,0,0,1,0,1,0
"Ray Rhodes","Sean Payton",2,"aOC",2,"aOC",37,33.22,80,"PHI","GB",1995,1999,1997,1998,2,1,0,0,1,0,1,0
"Raymond Berry","Rod Rust",4,"DC",4,"DC",48,46.18,87,"NE","NE",1984,1989,1984,1987,4,1,1,1,2,1,2,1
"Red Miller","Bill Belichick",2,"aDC",1,"aSTC",40,39.07,62,"DEN","DEN",1977,1980,1978,1978,1,2,1,1,2,0,3,0
"Red Miller","Rod Dowhower",1,"OC",1,"OC",40,39.07,62,"DEN","DEN",1977,1980,1980,1980,1,1,1,1,1,1,1,1
"Rex Ryan","Anthony Lynn",12,"aOC",8,"OC",61,62.16,127,"NYJ","BUF",2009,2016,2009,2016,8,1.5,0,0,1,0,1,1
"Rex Ryan","Mike Pettine",4,"DC",4,"DC",61,62.16,127,"NYJ","BUF",2009,2016,2009,2012,4,1,0,0,2,1,2,1
"Rich Brooks","John Fox",1,"aC",1,"aC",13,10.52,32,"LA","LA",1995,1996,1996,1996,1,1,0,0,3,0,3,0
"Rich Brooks","Mike Martz",2,"aOC",2,"aOC",13,10.52,32,"LA","LA",1995,1996,1995,1996,2,1,0,0,1,0,1,0
"Rick Forzano","Bill Belichick",1,"aSTC",1,"aSTC",15,14.82,32,"DET","DET",1974,1976,1976,1976,1,1,0,0,3,0,3,0
"Rick Forzano","Jerry Glanville",3,"aSTC",3,"aSTC",15,14.82,32,"DET","DET",1974,1976,1974,1976,3,1,0,0,3,0,3,0
"Rick Forzano","Joe Bugel",2,"aOC",2,"aOC",15,14.82,32,"DET","DET",1974,1976,1975,1976,2,1,0,0,1,0,1,0
"Rick Forzano","Raymond Berry",2,"aOC",2,"aOC",15,14.82,32,"DET","DET",1974,1976,1974,1975,2,1,0,0,1,0,1,0
"Rick Venturi","Bruce Arians",1,"aOC",1,"aOC",2,3.32,19,"IND","NO",1991,1996,1996,1996,1,1,0,0,1,0,1,0
"Rick Venturi","Jim Haslett",1,"DC",1,"DC",2,3.32,19,"IND","NO",1991,1996,1996,1996,1,1,0,0,2,1,2,1
"Rod Dowhower","Brad Childress",1,"aOC",1,"aOC",5,7.83,29,"IND","IND",1985,1986,1985,1985,1,1,0,0,1,0,1,0
"Rod Dowhower","Rick Venturi",2,"aDC",2,"aDC",5,7.83,29,"IND","IND",1985,1986,1985,1986,2,1,0,0,2,0,2,0
"Rod Marinelli","Adam Gase",2,"aOC",2,"aOC",10,14.04,48,"DET","DET",2006,2008,2006,2007,2,1,0,0,1,0,1,0
"Romeo Crennel","Anthony Lynn",2,"aOC",2,"aOC",32,32.52,95,"CLE","HOU",2005,2020,2007,2008,2,1,0,0,1,0,1,0
"Romeo Crennel","Nick Sirianni",1,"aOC",1,"aOC",32,32.52,95,"CLE","HOU",2005,2020,2012,2012,1,1,0,0,1,0,1,0
"Romeo Crennel","Rob Chudzinski",2,"OC",2,"OC",32,32.52,95,"CLE","HOU",2005,2020,2007,2008,2,1,0,0,1,1,1,1
"Ron Erhardt","Bill Parcells",1,"aDC",1,"aDC",21,27.61,48,"NE","NE",1979,1981,1980,1980,1,1,1,0,2,0,2,0
"Ron Erhardt","Hank Bullough",1,"DC",1,"DC",21,27.61,48,"NE","NE",1979,1981,1979,1979,1,1,1,0,2,1,2,1
"Ron Erhardt","Raymond Berry",3,"aOC",3,"aOC",21,27.61,48,"NE","NE",1979,1981,1979,1981,3,1,1,0,1,0,1,0
"Ron Meyer","Jim Mora",2,"aDC",1,"DC",54,49.66,104,"NE","IND",1982,1991,1982,1982,1,2,0,1,2,0,2,1
"Ron Meyer","Rick Venturi",6,"aDC",5,"DC",54,49.66,104,"NE","IND",1982,1991,1986,1991,6,1,0,1,2,0,2,1
"Ron Meyer","Rod Rust",2,"DC",2,"DC",54,49.66,104,"NE","IND",1982,1991,1983,1984,2,1,0,1,2,1,2,1
"Ron Rivera","Rob Chudzinski",2,"OC",2,"OC",99,97.73,191,"CAR","WAS",2011,2022,2011,2012,2,1,1,1,1,1,1,1
"Ron Rivera","Sean McDermott",6,"DC",6,"DC",99,97.73,191,"CAR","WAS",2011,2022,2011,2016,6,1,1,1,2,1,2,1
"Ron Rivera","Steve Wilks",9,"aDC",5,"DC",99,97.73,191,"CAR","WAS",2011,2022,2012,2017,6,1.5,1,1,2,0,2,1
"Ron Waller","Forrest Gregg",1,"aOC",1,"aOC",1,0.91,6,"LAC","LAC",1973,1973,1973,1973,1,1,0,0,1,0,1,0
"Sam Rutigliano","Dick MacPherson",3,"aDC",3,"aDC",50,45.68,97,"CLE","CLE",1978,1984,1978,1980,3,1,0,1,2,0,2,0
"Sam Rutigliano","Marty Schottenheimer",5,"DC",5,"DC",50,45.68,97,"CLE","CLE",1978,1984,1980,1984,5,1,0,1,2,1,2,1
"Sam Rutigliano","Rich Kotite",5,"aOC",5,"aOC",50,45.68,97,"CLE","CLE",1978,1984,1978,1982,5,1,0,1,1,0,1,0
"Sam Wyche","Bruce Coslet",6,"OC",5,"OC",84,82.65,191,"CIN","TB",1984,1995,1984,1989,6,1,0,0,1,1,1,1
"Sam Wyche","David Culley",2,"aOC",2,"aOC",84,82.65,191,"CIN","TB",1984,1995,1994,1995,2,1,0,0,1,0,1,0
"Sam Wyche","David Shula",1,"aOC",1,"aOC",84,82.65,191,"CIN","TB",1984,1995,1991,1991,1,1,0,0,1,0,1,0
"Sam Wyche","Dick LeBeau",8,"DC",8,"DC",84,82.65,191,"CIN","TB",1984,1995,1984,1991,8,1,0,0,2,1,2,1
"Sam Wyche","Mike Mularkey",2,"aOC",1,"aOC",84,82.65,191,"CIN","TB",1984,1995,1994,1995,2,1,0,0,1,0,1,0
"Sean McDermott","David Culley",2,"aOC",2,"aOC",62,56.97,97,"BUF","BUF",2017,2022,2017,2018,2,1,1,1,1,0,1,0
"Sean McVay","Brandon Staley",1,"DC",1,"DC",60,57.95,98,"LA","LA",2017,2022,2020,2020,1,1,1,1,2,1,2,1
"Sean McVay","Matt LaFleur",1,"OC",1,"OC",60,57.95,98,"LA","LA",2017,2022,2017,2017,1,1,1,1,1,1,1,1
"Sean McVay","Zac Taylor",2,"aOC",2,"aOC",60,57.95,98,"LA","LA",2017,2022,2017,2018,2,1,1,1,1,0,1,0
"Sean Payton","Dan Campbell",10,"aOC",5,"aOC",152,147.76,241,"NO","NO",2006,2021,2016,2020,5,2,1,1,1,0,1,0
"Sean Payton","Dennis Allen",5,"aDC",5,"aDC",152,147.76,241,"NO","NO",2006,2021,2006,2010,5,1,1,1,2,0,2,0
"Sean Payton","Doug Marrone",3,"OC",3,"OC",152,147.76,241,"NO","NO",2006,2021,2006,2008,3,1,1,1,1,1,1,1
"Sean Payton","Marc Trestman",1,"aC",1,"aC",152,147.76,241,"NO","NO",2006,2021,2007,2007,1,1,1,1,3,0,3,0
"Sid Gillman","Bum Phillips",5,"aDC",3,"DC",39,36.75,75,"LAC","TEN",1966,1974,1967,1974,5,1,0,1,2,0,2,1
"Sid Gillman","Charlie Waller",3,"aOC",3,"aOC",39,36.75,75,"LAC","TEN",1966,1974,1966,1968,3,1,0,1,1,0,1,0
"Sid Gillman","Ed Biles",1,"aDC",1,"aDC",39,36.75,75,"LAC","TEN",1966,1974,1974,1974,1,1,0,1,2,0,2,0
"Sid Gillman","Richie Petitbon",1,"aDC",1,"aDC",39,36.75,75,"LAC","TEN",1966,1974,1974,1974,1,1,0,1,2,0,2,0
"Steve Mariucci","Adam Gase",3,"Scout",2,"aOC",72,69.07,139,"SF","DET",1997,2005,2003,2005,3,1,0,1,3,0,1,0
"Steve Mariucci","Dan Quinn",2,"aDC",2,"aDC",72,69.07,139,"SF","DET",1997,2005,2001,2002,2,1,0,1,2,0,2,0
"Steve Mariucci","Marty Mornhinweg",8,"aOC",4,"OC",72,69.07,139,"SF","DET",1997,2005,1997,2000,4,2,0,1,1,0,1,1
"Steve Spagnuolo","Pat Shurmur",2,"OC",2,"OC",11,11.67,52,"LA","NYG",2009,2017,2009,2010,2,1,0,0,1,1,1,1
"Steve Spurrier","Hue Jackson",2,"aOC",1,"OC",12,12,32,"WAS","WAS",2002,2003,2002,2003,2,1,0,0,1,0,1,1
"Steve Spurrier","Marvin Lewis",1,"DC",1,"DC",12,12,32,"WAS","WAS",2002,2003,2002,2002,1,1,0,0,2,1,2,1
"Ted Marchibroda","Bill Belichick",1,"aSTC",1,"aSTC",87,82.54,186,"IND","BAL",1975,1998,1975,1975,1,1,0,0,3,0,3,0
"Ted Marchibroda","Eric Mangini",2,"aOC",1,"aOC",87,82.54,186,"IND","BAL",1975,1998,1996,1996,1,2,0,0,1,0,1,0
"Ted Marchibroda","Jim Schwartz",3,"aDC",3,"aDC",87,82.54,186,"IND","BAL",1975,1998,1996,1998,3,1,0,0,2,0,2,0
"Ted Marchibroda","Ken Whisenhunt",2,"aOC",2,"aOC",87,82.54,186,"IND","BAL",1975,1998,1997,1998,2,1,0,0,1,0,1,0
"Ted Marchibroda","Marvin Lewis",3,"DC",3,"DC",87,82.54,186,"IND","BAL",1975,1998,1996,1998,3,1,0,0,2,1,2,1
"Ted Marchibroda","Pete McCulley",2,"aOC",2,"aOC",87,82.54,186,"IND","BAL",1975,1998,1975,1976,2,1,0,0,1,0,1,0
"Ted Marchibroda","Rick Venturi",3,"DC",2,"aDC",87,82.54,186,"IND","BAL",1975,1998,1992,1994,3,1,0,0,2,1,2,0
"Ted Marchibroda","Vince Tobin",2,"DC",2,"DC",87,82.54,186,"IND","BAL",1975,1998,1994,1995,2,1,0,0,2,1,2,1
"Todd Haley","Nick Sirianni",3,"aOC",3,"aOC",19,16.51,45,"KC","KC",2009,2011,2009,2011,3,1,0,0,1,0,1,0
"Tom Cable","Hue Jackson",1,"OC",1,"OC",17,14.87,44,"LV","LV",2008,2010,2010,2010,1,1,0,0,1,1,1,1
"Tom Coughlin","Ben McAdoo",2,"OC",2,"OC",170,170.57,320,"JAX","NYG",1995,2015,2014,2015,2,1,1,1,1,1,1,1
"Tom Coughlin","Bobby Petrino",3,"aOC",2,"OC",170,170.57,320,"JAX","NYG",1995,2015,1999,2001,3,1,1,1,1,0,1,1
"Tom Coughlin","Chris Palmer",2,"OC",2,"OC",170,170.57,320,"JAX","NYG",1995,2015,1997,1998,2,1,1,1,1,1,1,1
"Tom Coughlin","Dick Jauron",4,"DC",4,"DC",170,170.57,320,"JAX","NYG",1995,2015,1995,1998,4,1,1,1,2,1,2,1
"Tom Coughlin","Kevin Gilbride",2,"OC",2,"OC",170,170.57,320,"JAX","NYG",1995,2015,1995,1996,2,1,1,1,1,1,1,1
"Tom Coughlin","Lane Kiffin",1,"aDC",1,"aDC",170,170.57,320,"JAX","NYG",1995,2015,2000,2000,1,1,1,1,2,0,2,0
"Tom Coughlin","Matt Rhule",1,"aOC",1,"aOC",170,170.57,320,"JAX","NYG",1995,2015,2012,2012,1,1,1,1,1,0,1,0
"Tom Coughlin","Steve Spagnuolo",2,"DC",2,"DC",170,170.57,320,"JAX","NYG",1995,2015,2007,2008,2,1,1,1,2,1,2,1
"Tom Coughlin","Tony Sparano",1,"aOC",1,"aOC",170,170.57,320,"JAX","NYG",1995,2015,2002,2002,1,1,1,1,1,0,1,0
"Tom Fears","Ed Biles",2,"aDC",2,"aDC",13,14.53,49,"NO","NO",1967,1970,1969,1970,2,1,0,0,2,0,2,0
"Tom Fears","Ed Khayat",4,"aDC",4,"aDC",13,14.53,49,"NO","NO",1967,1970,1967,1970,4,1,0,0,2,0,2,0
"Tom Fears","J.D. Roberts",2,"aDC",2,"aDC",13,14.53,49,"NO","NO",1967,1970,1967,1968,2,1,0,0,2,0,2,0
"Tom Fears","Jerry Smith",2,"aDC",2,"aDC",13,14.53,49,"NO","NO",1967,1970,1969,1970,2,1,0,0,2,0,2,0
"Tom Flores","Art Shell",5,"aOC",5,"aOC",97,91.55,184,"LV","SEA",1979,1994,1983,1987,5,1,0,1,1,0,1,0
"Tom Landry","Dan Reeves",6,"OC",4,"OC",225,222.49,336,"DAL","DAL",1966,1988,1975,1980,6,1,1,1,1,1,1,1
"Tom Landry","Dick Nolan",2,"DC",2,"DC",225,222.49,336,"DAL","DAL",1966,1988,1966,1967,2,1,1,1,2,1,2,1
"Tom Landry","Gene Stallings",14,"aDC",14,"aDC",225,222.49,336,"DAL","DAL",1966,1988,1972,1985,14,1,1,1,2,0,2,0
"Tom Landry","John Mackovic",2,"aOC",2,"aOC",225,222.49,336,"DAL","DAL",1966,1988,1981,1982,2,1,1,1,1,0,1,0
"Tom Landry","Mike Ditka",18,"aOC",9,"aSTC",225,222.49,336,"DAL","DAL",1966,1988,1973,1981,9,2,1,1,1,0,3,0
"Tom Landry","Raymond Berry",2,"aOC",2,"aOC",225,222.49,336,"DAL","DAL",1966,1988,1968,1969,2,1,1,1,1,0,1,0
"Tom Landry","Ron Meyer",2,"Scout",2,"Scout",225,222.49,336,"DAL","DAL",1966,1988,1971,1972,2,1,1,1,3,0,3,0
"Tommy Hudspeth","Bill Belichick",2,"aOC",1,"aOC",11,10.88,24,"DET","DET",1976,1977,1976,1977,2,1,0,0,1,0,1,0
"Tommy Hudspeth","Jerry Glanville",1,"aSTC",1,"aSTC",11,10.88,24,"DET","DET",1976,1977,1976,1976,1,1,0,0,3,0,3,0
"Tommy Hudspeth","Joe Bugel",1,"aOC",1,"aOC",11,10.88,24,"DET","DET",1976,1977,1976,1976,1,1,0,0,1,0,1,0
"Tommy Prothro","Bill Walsh",1,"OC",1,"OC",35,37.62,88,"LA","LAC",1971,1978,1976,1976,1,1,0,0,1,1,1,1
"Tommy Prothro","Dick Vermeil",2,"aOC",2,"aOC",35,37.62,88,"LA","LAC",1971,1978,1971,1972,2,1,0,0,1,0,1,0
"Tommy Prothro","Ray Perkins",1,"OC",1,"OC",35,37.62,88,"LA","LAC",1971,1978,1978,1978,1,1,0,0,1,1,1,1
"Tommy Prothro","Rich Brooks",2,"aSTC",2,"aSTC",35,37.62,88,"LA","LAC",1971,1978,1971,1972,2,1,0,0,3,0,3,0
"Tony Dungy","Frank Reich",3,"Intern",2,"aOC",139,129.34,208,"TB","IND",1996,2008,2006,2008,3,1,1,1,3,0,1,0
"Tony Dungy","Herm Edwards",10,"aDC",5,"aHC",139,129.34,208,"TB","IND",1996,2008,1996,2000,5,2,1,1,2,0,3,0
"Tony Dungy","Jim Caldwell",15,"aOC",8,"aOC",139,129.34,208,"TB","IND",1996,2008,2001,2008,8,1.875,1,1,1,0,1,0
"Tony Dungy","Leslie Frazier",2,"aDC",2,"aDC",139,129.34,208,"TB","IND",1996,2008,2005,2006,2,1,1,1,2,0,2,0
"Tony Dungy","Lovie Smith",5,"aDC",5,"aDC",139,129.34,208,"TB","IND",1996,2008,1996,2000,5,1,1,1,2,0,2,0
"Tony Dungy","Mike Tomlin",1,"aDC",1,"aDC",139,129.34,208,"TB","IND",1996,2008,2001,2001,1,1,1,1,2,0,2,0
"Tony Dungy","Rod Marinelli",6,"aDC",6,"aDC",139,129.34,208,"TB","IND",1996,2008,1996,2001,6,1,1,1,2,0,2,0
"Tony Sparano","Dan Campbell",2,"aOC",1,"aOC",32,31.58,73,"MIA","LV",2008,2014,2010,2011,2,1,0,0,1,0,1,0
"Tony Sparano","Todd Bowles",8,"aDC",4,"aHC",32,31.58,73,"MIA","LV",2008,2014,2008,2011,4,2,0,0,2,0,3,0
"Vic Fangio","Brandon Staley",1,"aDC",1,"aDC",19,20.91,49,"DEN","DEN",2019,2021,2019,2019,1,1,0,0,2,0,2,0
"Vince Lombardi","Harland Svare",1,"DC",1,"DC",28,29.03,42,"GB","WAS",1966,1969,1969,1969,1,1,1,1,2,1,2,1
"Vince Lombardi","Jerry Burns",2,"aDC",2,"aDC",28,29.03,42,"GB","WAS",1966,1969,1966,1967,2,1,1,1,2,0,2,0
"Vince Lombardi","Mike McCormack",1,"aDC",1,"aDC",28,29.03,42,"GB","WAS",1966,1969,1969,1969,1,1,1,1,2,0,2,0
"Vince Lombardi","Phil Bengtson",2,"DC",2,"DC",28,29.03,42,"GB","WAS",1966,1969,1966,1967,2,1,1,1,2,1,2,1
"Vince Tobin","Dave McGinnis",5,"DC",5,"DC",27,22.33,73,"ARI","ARI",1996,2000,1996,2000,5,1,0,0,2,1,2,1
"Vince Tobin","Jim Fassel",1,"OC",1,"OC",27,22.33,73,"ARI","ARI",1996,2000,1996,1996,1,1,0,0,1,1,1,1
"Vince Tobin","Marc Trestman",3,"OC",3,"OC",27,22.33,73,"ARI","ARI",1996,2000,1998,2000,3,1,0,0,1,1,1,1
"Wade Phillips","Jason Garrett",7,"OC",4,"OC",82,80.63,146,"NO","HOU",1985,2013,2007,2010,4,1.75,1,1,1,1,1,1
"Wade Phillips","Jim Fassel",2,"OC",2,"OC",82,80.63,146,"NO","HOU",1985,2013,1993,1994,2,1,1,1,1,1,1,1
"Wade Phillips","Todd Bowles",1,"aDC",1,"aDC",82,80.63,146,"NO","HOU",1985,2013,2007,2007,1,1,1,1,2,0,2,0
"Wade Phillips","Tony Sparano",2,"aOC",1,"aOC",82,80.63,146,"NO","HOU",1985,2013,2007,2007,1,2,1,1,1,0,1,0
"Walt Michaels","Dan Henning",4,"aOC",4,"aOC",39,40.19,87,"NYJ","NYJ",1977,1982,1977,1978,2,2,0,0,1,0,1,0
"Walt Michaels","Joe Walton",2,"OC",2,"OC",39,40.19,87,"NYJ","NYJ",1977,1982,1981,1982,2,1,0,0,1,1,1,1
"Wayne Fontes","June Jones",4,"aOC",4,"aOC",66,64.38,133,"DET","DET",1988,1996,1989,1990,2,2,0,0,1,0,1,0
"Weeb Ewbank","Buddy Ryan",6,"aDC",6,"aDC",56,57.96,112,"NYJ","NYJ",1966,1973,1968,1973,6,1,1,1,2,0,2,0
"Weeb Ewbank","Chuck Knox",1,"aOC",1,"aOC",56,57.96,112,"NYJ","NYJ",1966,1973,1966,1966,1,1,1,1,1,0,1,0
"Weeb Ewbank","Clive Rush",3,"OC",3,"OC",56,57.96,112,"NYJ","NYJ",1966,1973,1966,1968,3,1,1,1,1,1,1,1
"Weeb Ewbank","Ed Biles",3,"aDC",2,"aDC",56,57.96,112,"NYJ","NYJ",1966,1973,1971,1973,3,1,1,1,2,0,2,0
"Weeb Ewbank","Ken Meyer",4,"aOC",4,"aOC",56,57.96,112,"NYJ","NYJ",1966,1973,1969,1972,4,1,1,1,1,0,1,0
"Weeb Ewbank","Walt Michaels",11,"aDC",11,"aDC",56,57.96,112,"NYJ","NYJ",1966,1973,1966,1971,6,1.83333333333333,1,1,2,0,2,0
